sku_id,risk_type,risk_score,forecast_28d_qty,current_stock_assumed,reorder_point,revenue_at_risk_proxy,profit_at_risk_proxy,recommended_action,suggested_order_qty,lead_time_days,safety_stock_days
SKU-00055,Overstock risk,100.0,1.120000002818414,9.75,0.56,0.0,0.0,Slow purchase orders and consider promotion/bundling,0.0,7,7
SKU-00109,Overstock risk,100.0,0.559996000447426,2.75,0.28,0.0,0.0,Slow purchase orders and consider promotion/bundling,0.0,7,7
SKU-00248,Overstock risk,100.0,1.820795986393931,8.12,0.91,0.0,0.0,Slow purchase orders and consider promotion/bundling,0.0,7,7
SKU-00269,Overstock risk,100.0,0.559996000447426,3.12,0.28,0.0,0.0,Slow purchase orders and consider promotion/bundling,0.0,7,7
SKU-00295,Overstock risk,100.0,0.559996000447426,3.5,0.28,0.0,0.0,Slow purchase orders and consider promotion/bundling,0.0,7,7
SKU-00314,Overstock risk,100.0,0.559996000447426,2.44,0.28,0.0,0.0,Slow purchase orders and consider promotion/bundling,0.0,7,7
SKU-00331,Overstock risk,100.0,0.6122980014952177,4.5,0.31,0.0,0.0,Slow purchase orders and consider promotion/bundling,0.0,7,7
SKU-00354,Overstock risk,100.0,0.559996000447426,2.75,0.28,0.0,0.0,Slow purchase orders and consider promotion/bundling,0.0,7,7
SKU-00355,Overstock risk,100.0,2.240000005636829,9.75,1.12,0.0,0.0,Slow purchase orders and consider promotion/bundling,0.0,7,7
SKU-00393,Overstock risk,100.0,0.559996000447426,2.5,0.28,0.0,0.0,Slow purchase orders and consider promotion/bundling,0.0,7,7
SKU-00400,Overstock risk,100.0,0.559996000447426,2.5,0.28,0.0,0.0,Slow purchase orders and consider promotion/bundling,0.0,7,7
SKU-00439,Overstock risk,100.0,0.559996000447426,3.0,0.28,0.0,0.0,Slow purchase orders and consider promotion/bundling,0.0,7,7
SKU-00447,Overstock risk,100.0,0.559996000447426,3.25,0.28,0.0,0.0,Slow purchase orders and consider promotion/bundling,0.0,7,7
SKU-00593,Overstock risk,100.0,0.559996000447426,16.5,0.28,0.0,0.0,Slow purchase orders and consider promotion/bundling,0.0,7,7
SKU-00610,Overstock risk,100.0,1.120000002818414,10.5,0.56,0.0,0.0,Slow purchase orders and consider promotion/bundling,0.0,7,7
SKU-00613,Overstock risk,100.0,1.679999989341012,8.94,0.84,0.0,0.0,Slow purchase orders and consider promotion/bundling,0.0,7,7
SKU-00624,Overstock risk,100.0,0.559996000447426,3.0,0.28,0.0,0.0,Slow purchase orders and consider promotion/bundling,0.0,7,7
SKU-00679,Overstock risk,100.0,1.120000002818414,6.12,0.56,0.0,0.0,Slow purchase orders and consider promotion/bundling,0.0,7,7
SKU-00726,Overstock risk,100.0,0.559996000447426,2.25,0.28,0.0,0.0,Slow purchase orders and consider promotion/bundling,0.0,7,7
SKU-00853,Overstock risk,100.0,1.120000002818414,13.0,0.56,0.0,0.0,Slow purchase orders and consider promotion/bundling,0.0,7,7
SKU-00956,Overstock risk,100.0,4.480000017792917,57.75,2.24,0.0,0.0,Slow purchase orders and consider promotion/bundling,0.0,7,7
SKU-00995,Overstock risk,100.0,0.559996000447426,2.5,0.28,0.0,0.0,Slow purchase orders and consider promotion/bundling,0.0,7,7
SKU-01041,Overstock risk,100.0,2.240000005636829,9.75,1.12,0.0,0.0,Slow purchase orders and consider promotion/bundling,0.0,7,7
SKU-01072,Overstock risk,100.0,0.559996000447426,3.0,0.28,0.0,0.0,Slow purchase orders and consider promotion/bundling,0.0,7,7
SKU-01075,Overstock risk,100.0,0.559996000447426,6.88,0.28,0.0,0.0,Slow purchase orders and consider promotion/bundling,0.0,7,7
SKU-01084,Overstock risk,100.0,1.679999989341012,9.75,0.84,0.0,0.0,Slow purchase orders and consider promotion/bundling,0.0,7,7
SKU-01159,Overstock risk,100.0,1.120000002818414,6.19,0.56,0.0,0.0,Slow purchase orders and consider promotion/bundling,0.0,7,7
SKU-01310,Overstock risk,100.0,0.559996000447426,2.5,0.28,0.0,0.0,Slow purchase orders and consider promotion/bundling,0.0,7,7
SKU-01489,Overstock risk,100.0,0.559996000447426,2.25,0.28,0.0,0.0,Slow purchase orders and consider promotion/bundling,0.0,7,7
SKU-01686,Overstock risk,100.0,0.559996000447426,4.88,0.28,0.0,0.0,Slow purchase orders and consider promotion/bundling,0.0,7,7
SKU-01702,Overstock risk,100.0,1.120000002818414,4.5,0.56,0.0,0.0,Slow purchase orders and consider promotion/bundling,0.0,7,7
SKU-01945,Overstock risk,100.0,2.240000005636829,9.75,1.12,0.0,0.0,Slow purchase orders and consider promotion/bundling,0.0,7,7
SKU-02294,Overstock risk,100.0,0.559996000447426,3.75,0.28,0.0,0.0,Slow purchase orders and consider promotion/bundling,0.0,7,7
SKU-02313,Overstock risk,100.0,0.559996000447426,9.38,0.28,0.0,0.0,Slow purchase orders and consider promotion/bundling,0.0,7,7
SKU-02333,Overstock risk,100.0,1.120000002818414,5.62,0.56,0.0,0.0,Slow purchase orders and consider promotion/bundling,0.0,7,7
SKU-02335,Overstock risk,100.0,2.240000005636829,11.0,1.12,0.0,0.0,Slow purchase orders and consider promotion/bundling,0.0,7,7
SKU-02405,Overstock risk,100.0,0.559996000447426,11.69,0.28,0.0,0.0,Slow purchase orders and consider promotion/bundling,0.0,7,7
SKU-02476,Overstock risk,100.0,0.559996000447426,2.25,0.28,0.0,0.0,Slow purchase orders and consider promotion/bundling,0.0,7,7
SKU-02512,Overstock risk,100.0,3.3599999851430753,16.25,1.68,0.0,0.0,Slow purchase orders and consider promotion/bundling,0.0,7,7
SKU-02648,Overstock risk,100.0,1.8369169938960102,23.06,0.92,0.0,0.0,Slow purchase orders and consider promotion/bundling,0.0,7,7
SKU-02656,Overstock risk,100.0,0.559996000447426,3.12,0.28,0.0,0.0,Slow purchase orders and consider promotion/bundling,0.0,7,7
SKU-02777,Overstock risk,100.0,1.679999989341012,24.75,0.84,0.0,0.0,Slow purchase orders and consider promotion/bundling,0.0,7,7
SKU-02792,Overstock risk,100.0,1.120000002818414,7.31,0.56,0.0,0.0,Slow purchase orders and consider promotion/bundling,0.0,7,7
SKU-02819,Overstock risk,100.0,6.319469274982111,29.31,3.16,0.0,0.0,Slow purchase orders and consider promotion/bundling,0.0,7,7
SKU-02939,Overstock risk,100.0,1.120000002818414,8.12,0.56,0.0,0.0,Slow purchase orders and consider promotion/bundling,0.0,7,7
SKU-03109,Overstock risk,100.0,1.679999989341012,7.0,0.84,0.0,0.0,Slow purchase orders and consider promotion/bundling,0.0,7,7
SKU-03120,Overstock risk,100.0,1.120000002818414,5.25,0.56,0.0,0.0,Slow purchase orders and consider promotion/bundling,0.0,7,7
SKU-03144,Overstock risk,100.0,1.120000002818414,5.0,0.56,0.0,0.0,Slow purchase orders and consider promotion/bundling,0.0,7,7
SKU-03151,Overstock risk,100.0,0.559996000447426,4.0,0.28,0.0,0.0,Slow purchase orders and consider promotion/bundling,0.0,7,7
SKU-03198,Overstock risk,100.0,0.559996000447426,10.56,0.28,0.0,0.0,Slow purchase orders and consider promotion/bundling,0.0,7,7
SKU-03298,Overstock risk,100.0,0.559996000447426,2.5,0.28,0.0,0.0,Slow purchase orders and consider promotion/bundling,0.0,7,7
SKU-03305,Overstock risk,100.0,1.120000002818414,4.5,0.56,0.0,0.0,Slow purchase orders and consider promotion/bundling,0.0,7,7
SKU-03321,Overstock risk,100.0,2.449164971170829,14.38,1.22,0.0,0.0,Slow purchase orders and consider promotion/bundling,0.0,7,7
SKU-03377,Overstock risk,100.0,0.559996000447426,2.5,0.28,0.0,0.0,Slow purchase orders and consider promotion/bundling,0.0,7,7
SKU-03525,Overstock risk,100.0,1.120000002818414,4.81,0.56,0.0,0.0,Slow purchase orders and consider promotion/bundling,0.0,7,7
SKU-03580,Overstock risk,100.0,0.559996000447426,2.5,0.28,0.0,0.0,Slow purchase orders and consider promotion/bundling,0.0,7,7
SKU-03660,Overstock risk,100.0,0.559996000447426,4.06,0.28,0.0,0.0,Slow purchase orders and consider promotion/bundling,0.0,7,7
SKU-03679,Overstock risk,100.0,3.9199999865377313,24.06,1.96,0.0,0.0,Slow purchase orders and consider promotion/bundling,0.0,7,7
SKU-03707,Overstock risk,100.0,0.559996000447426,4.12,0.28,0.0,0.0,Slow purchase orders and consider promotion/bundling,0.0,7,7
SKU-03795,Overstock risk,100.0,0.559996000447426,3.0,0.28,0.0,0.0,Slow purchase orders and consider promotion/bundling,0.0,7,7
SKU-03799,Overstock risk,100.0,1.679999989341012,10.5,0.84,0.0,0.0,Slow purchase orders and consider promotion/bundling,0.0,7,7
SKU-03896,Overstock risk,100.0,0.6123100014956422,3.44,0.31,0.0,0.0,Slow purchase orders and consider promotion/bundling,0.0,7,7
SKU-03903,Overstock risk,100.0,0.559996000447426,18.56,0.28,0.0,0.0,Slow purchase orders and consider promotion/bundling,0.0,7,7
SKU-04156,Overstock risk,100.0,0.559996000447426,3.0,0.28,0.0,0.0,Slow purchase orders and consider promotion/bundling,0.0,7,7
SKU-04213,Overstock risk,100.0,1.120000002818414,8.12,0.56,0.0,0.0,Slow purchase orders and consider promotion/bundling,0.0,7,7
SKU-04226,Overstock risk,100.0,0.559996000447426,6.0,0.28,0.0,0.0,Slow purchase orders and consider promotion/bundling,0.0,7,7
SKU-04405,Overstock risk,100.0,0.559996000447426,2.25,0.28,0.0,0.0,Slow purchase orders and consider promotion/bundling,0.0,7,7
SKU-04423,Overstock risk,100.0,1.2246149903730827,8.12,0.61,0.0,0.0,Slow purchase orders and consider promotion/bundling,0.0,7,7
SKU-04576,Overstock risk,100.0,1.679999989341012,9.75,0.84,0.0,0.0,Slow purchase orders and consider promotion/bundling,0.0,7,7
SKU-04590,Overstock risk,100.0,0.6122870014933128,9.0,0.31,0.0,0.0,Slow purchase orders and consider promotion/bundling,0.0,7,7
SKU-04593,Overstock risk,100.0,1.2185759884268907,5.0,0.61,0.0,0.0,Slow purchase orders and consider promotion/bundling,0.0,7,7
SKU-04598,Overstock risk,100.0,2.240000005636829,13.81,1.12,0.0,0.0,Slow purchase orders and consider promotion/bundling,0.0,7,7
SKU-04601,Overstock risk,100.0,2.240000005636829,10.12,1.12,0.0,0.0,Slow purchase orders and consider promotion/bundling,0.0,7,7
SKU-04613,Overstock risk,100.0,1.120000002818414,6.56,0.56,0.0,0.0,Slow purchase orders and consider promotion/bundling,0.0,7,7
SKU-04733,Overstock risk,100.0,1.120000002818414,6.0,0.56,0.0,0.0,Slow purchase orders and consider promotion/bundling,0.0,7,7
SKU-04744,Overstock risk,100.0,3.3599999851430753,20.25,1.68,0.0,0.0,Slow purchase orders and consider promotion/bundling,0.0,7,7
SKU-04754,Overstock risk,100.0,1.120000002818414,10.5,0.56,0.0,0.0,Slow purchase orders and consider promotion/bundling,0.0,7,7
SKU-04827,Overstock risk,100.0,1.679999989341012,13.75,0.84,0.0,0.0,Slow purchase orders and consider promotion/bundling,0.0,7,7
SKU-04835,Overstock risk,100.0,0.559996000447426,4.5,0.28,0.0,0.0,Slow purchase orders and consider promotion/bundling,0.0,7,7
SKU-04839,Overstock risk,100.0,3.3599999851430753,18.0,1.68,0.0,0.0,Slow purchase orders and consider promotion/bundling,0.0,7,7
SKU-04856,Overstock risk,100.0,0.559996000447426,5.25,0.28,0.0,0.0,Slow purchase orders and consider promotion/bundling,0.0,7,7
SKU-04861,Overstock risk,100.0,0.559996000447426,6.25,0.28,0.0,0.0,Slow purchase orders and consider promotion/bundling,0.0,7,7
SKU-04940,Overstock risk,100.0,2.203459750453475,33.75,1.1,0.0,0.0,Slow purchase orders and consider promotion/bundling,0.0,7,7
SKU-04948,Overstock risk,100.0,0.559996000447426,6.5,0.28,0.0,0.0,Slow purchase orders and consider promotion/bundling,0.0,7,7
SKU-05067,Overstock risk,100.0,0.559996000447426,2.44,0.28,0.0,0.0,Slow purchase orders and consider promotion/bundling,0.0,7,7
SKU-05341,Overstock risk,100.0,0.559996000447426,7.44,0.28,0.0,0.0,Slow purchase orders and consider promotion/bundling,0.0,7,7
SKU-05409,Overstock risk,100.0,4.0252250494086175,18.0,2.01,0.0,0.0,Slow purchase orders and consider promotion/bundling,0.0,7,7
SKU-05448,Overstock risk,100.0,0.559996000447426,2.25,0.28,0.0,0.0,Slow purchase orders and consider promotion/bundling,0.0,7,7
SKU-05521,Overstock risk,100.0,1.1738439903201645,6.0,0.59,0.0,0.0,Slow purchase orders and consider promotion/bundling,0.0,7,7
SKU-05871,Overstock risk,100.0,0.559996000447426,2.25,0.28,0.0,0.0,Slow purchase orders and consider promotion/bundling,0.0,7,7
SKU-05938,Overstock risk,100.0,0.6123100014956422,3.94,0.31,0.0,0.0,Slow purchase orders and consider promotion/bundling,0.0,7,7
SKU-05959,Overstock risk,100.0,0.559996000447426,2.25,0.28,0.0,0.0,Slow purchase orders and consider promotion/bundling,0.0,7,7
SKU-05989,Overstock risk,100.0,1.120000002818414,5.5,0.56,0.0,0.0,Slow purchase orders and consider promotion/bundling,0.0,7,7
SKU-06033,Overstock risk,100.0,1.120000002818414,14.62,0.56,0.0,0.0,Slow purchase orders and consider promotion/bundling,0.0,7,7
SKU-06042,Overstock risk,100.0,0.559996000447426,3.5,0.28,0.0,0.0,Slow purchase orders and consider promotion/bundling,0.0,7,7
SKU-06058,Overstock risk,100.0,1.8369169938960102,29.38,0.92,0.0,0.0,Slow purchase orders and consider promotion/bundling,0.0,7,7
SKU-06096,Overstock risk,100.0,0.559996000447426,4.88,0.28,0.0,0.0,Slow purchase orders and consider promotion/bundling,0.0,7,7
SKU-06158,Overstock risk,100.0,4.68200498871738,39.0,2.34,0.0,0.0,Slow purchase orders and consider promotion/bundling,0.0,7,7
SKU-06259,Overstock risk,100.0,1.120000002818414,4.5,0.56,0.0,0.0,Slow purchase orders and consider promotion/bundling,0.0,7,7
SKU-06283,Overstock risk,100.0,0.559996000447426,2.75,0.28,0.0,0.0,Slow purchase orders and consider promotion/bundling,0.0,7,7
SKU-06364,Overstock risk,100.0,2.240000005636829,13.5,1.12,0.0,0.0,Slow purchase orders and consider promotion/bundling,0.0,7,7
SKU-06369,Overstock risk,100.0,2.8000000070314846,24.38,1.4,0.0,0.0,Slow purchase orders and consider promotion/bundling,0.0,7,7
SKU-06548,Overstock risk,100.0,2.8000000070314846,17.5,1.4,0.0,0.0,Slow purchase orders and consider promotion/bundling,0.0,7,7
SKU-06557,Overstock risk,100.0,2.240000005636829,19.5,1.12,0.0,0.0,Slow purchase orders and consider promotion/bundling,0.0,7,7
SKU-06577,Overstock risk,100.0,3.0615359905641517,26.81,1.53,0.0,0.0,Slow purchase orders and consider promotion/bundling,0.0,7,7
SKU-06667,Overstock risk,100.0,0.559996000447426,2.5,0.28,0.0,0.0,Slow purchase orders and consider promotion/bundling,0.0,7,7
SKU-06674,Overstock risk,100.0,0.559996000447426,3.12,0.28,0.0,0.0,Slow purchase orders and consider promotion/bundling,0.0,7,7
SKU-06681,Overstock risk,100.0,1.2246149903730827,6.88,0.61,0.0,0.0,Slow purchase orders and consider promotion/bundling,0.0,7,7
SKU-06688,Overstock risk,100.0,1.120000002818414,6.25,0.56,0.0,0.0,Slow purchase orders and consider promotion/bundling,0.0,7,7
SKU-06764,Overstock risk,100.0,1.120000002818414,5.62,0.56,0.0,0.0,Slow purchase orders and consider promotion/bundling,0.0,7,7
SKU-06770,Overstock risk,100.0,0.559996000447426,3.0,0.28,0.0,0.0,Slow purchase orders and consider promotion/bundling,0.0,7,7
SKU-06772,Overstock risk,100.0,9.12018599739531,55.29,4.56,0.0,0.0,Slow purchase orders and consider promotion/bundling,0.0,7,7
SKU-06866,Overstock risk,100.0,1.120000002818414,9.75,0.56,0.0,0.0,Slow purchase orders and consider promotion/bundling,0.0,7,7
SKU-06871,Overstock risk,100.0,0.559996000447426,5.5,0.28,0.0,0.0,Slow purchase orders and consider promotion/bundling,0.0,7,7
SKU-06999,Overstock risk,100.0,1.120000002818414,5.69,0.56,0.0,0.0,Slow purchase orders and consider promotion/bundling,0.0,7,7
SKU-07013,Overstock risk,100.0,1.120000002818414,11.38,0.56,0.0,0.0,Slow purchase orders and consider promotion/bundling,0.0,7,7
SKU-07171,Overstock risk,100.0,3.0615359905641517,44.38,1.53,0.0,0.0,Slow purchase orders and consider promotion/bundling,0.0,7,7
SKU-07355,Overstock risk,100.0,1.120000002818414,6.75,0.56,0.0,0.0,Slow purchase orders and consider promotion/bundling,0.0,7,7
SKU-07369,Overstock risk,100.0,0.559996000447426,2.25,0.28,0.0,0.0,Slow purchase orders and consider promotion/bundling,0.0,7,7
SKU-07465,Overstock risk,100.0,1.120000002818414,10.0,0.56,0.0,0.0,Slow purchase orders and consider promotion/bundling,0.0,7,7
SKU-08359,Overstock risk,100.0,0.559996000447426,3.0,0.28,0.0,0.0,Slow purchase orders and consider promotion/bundling,0.0,7,7
SKU-08523,Overstock risk,100.0,4.879408956097904,41.94,2.44,0.0,0.0,Slow purchase orders and consider promotion/bundling,0.0,7,7
SKU-08690,Overstock risk,100.0,0.559996000447426,2.5,0.28,0.0,0.0,Slow purchase orders and consider promotion/bundling,0.0,7,7
SKU-08860,Overstock risk,100.0,1.120000002818414,4.5,0.56,0.0,0.0,Slow purchase orders and consider promotion/bundling,0.0,7,7
SKU-08863,Overstock risk,100.0,5.492346005688886,146.83,2.75,0.0,0.0,Slow purchase orders and consider promotion/bundling,0.0,7,7
SKU-08868,Overstock risk,100.0,1.120000002818414,4.88,0.56,0.0,0.0,Slow purchase orders and consider promotion/bundling,0.0,7,7
SKU-08926,Overstock risk,100.0,4.480000017792917,20.5,2.24,0.0,0.0,Slow purchase orders and consider promotion/bundling,0.0,7,7
SKU-08931,Overstock risk,100.0,0.559996000447426,4.88,0.28,0.0,0.0,Slow purchase orders and consider promotion/bundling,0.0,7,7
SKU-08962,Overstock risk,100.0,0.559996000447426,2.25,0.28,0.0,0.0,Slow purchase orders and consider promotion/bundling,0.0,7,7
SKU-09056,Overstock risk,100.0,0.559996000447426,2.25,0.28,0.0,0.0,Slow purchase orders and consider promotion/bundling,0.0,7,7
SKU-09063,Overstock risk,100.0,0.559996000447426,3.75,0.28,0.0,0.0,Slow purchase orders and consider promotion/bundling,0.0,7,7
SKU-09122,Overstock risk,100.0,1.120000002818414,6.0,0.56,0.0,0.0,Slow purchase orders and consider promotion/bundling,0.0,7,7
SKU-09252,Overstock risk,100.0,0.559996000447426,2.25,0.28,0.0,0.0,Slow purchase orders and consider promotion/bundling,0.0,7,7
SKU-09264,Overstock risk,100.0,0.559996000447426,2.5,0.28,0.0,0.0,Slow purchase orders and consider promotion/bundling,0.0,7,7
SKU-09274,Overstock risk,100.0,0.559996000447426,6.5,0.28,0.0,0.0,Slow purchase orders and consider promotion/bundling,0.0,7,7
SKU-09282,Overstock risk,100.0,2.240000005636829,11.81,1.12,0.0,0.0,Slow purchase orders and consider promotion/bundling,0.0,7,7
SKU-09285,Overstock risk,100.0,2.942801482437061,42.5,1.47,0.0,0.0,Slow purchase orders and consider promotion/bundling,0.0,7,7
SKU-09326,Overstock risk,100.0,1.120000002818414,4.5,0.56,0.0,0.0,Slow purchase orders and consider promotion/bundling,0.0,7,7
SKU-09364,Overstock risk,100.0,2.240000005636829,12.0,1.12,0.0,0.0,Slow purchase orders and consider promotion/bundling,0.0,7,7
SKU-09430,Overstock risk,100.0,4.047639012511353,17.0,2.02,0.0,0.0,Slow purchase orders and consider promotion/bundling,0.0,7,7
SKU-09490,Overstock risk,100.0,4.480000017792917,96.0,2.24,0.0,0.0,Slow purchase orders and consider promotion/bundling,0.0,7,7
SKU-09504,Overstock risk,100.0,1.120000002818414,6.75,0.56,0.0,0.0,Slow purchase orders and consider promotion/bundling,0.0,7,7
SKU-09562,Overstock risk,100.0,0.6123100014956422,2.62,0.31,0.0,0.0,Slow purchase orders and consider promotion/bundling,0.0,7,7
SKU-09568,Overstock risk,100.0,0.559996000447426,8.94,0.28,0.0,0.0,Slow purchase orders and consider promotion/bundling,0.0,7,7
SKU-09581,Overstock risk,100.0,1.120000002818414,4.5,0.56,0.0,0.0,Slow purchase orders and consider promotion/bundling,0.0,7,7
SKU-09599,Overstock risk,100.0,0.559996000447426,2.81,0.28,0.0,0.0,Slow purchase orders and consider promotion/bundling,0.0,7,7
SKU-09636,Overstock risk,100.0,3.3599999851430753,24.06,1.68,0.0,0.0,Slow purchase orders and consider promotion/bundling,0.0,7,7
SKU-09638,Overstock risk,100.0,0.559996000447426,3.25,0.28,0.0,0.0,Slow purchase orders and consider promotion/bundling,0.0,7,7
SKU-09652,Overstock risk,100.0,1.120000002818414,4.88,0.56,0.0,0.0,Slow purchase orders and consider promotion/bundling,0.0,7,7
SKU-09841,Overstock risk,100.0,0.559996000447426,2.44,0.28,0.0,0.0,Slow purchase orders and consider promotion/bundling,0.0,7,7
SKU-09848,Overstock risk,100.0,0.559996000447426,2.44,0.28,0.0,0.0,Slow purchase orders and consider promotion/bundling,0.0,7,7
SKU-09897,Overstock risk,100.0,1.120000002818414,4.88,0.56,0.0,0.0,Slow purchase orders and consider promotion/bundling,0.0,7,7
SKU-09903,Overstock risk,100.0,0.559996000447426,52.5,0.28,0.0,0.0,Slow purchase orders and consider promotion/bundling,0.0,7,7
SKU-09920,Overstock risk,100.0,0.559996000447426,4.5,0.28,0.0,0.0,Slow purchase orders and consider promotion/bundling,0.0,7,7
SKU-09922,Overstock risk,100.0,0.559996000447426,2.5,0.28,0.0,0.0,Slow purchase orders and consider promotion/bundling,0.0,7,7
SKU-09929,Overstock risk,100.0,0.559996000447426,3.75,0.28,0.0,0.0,Slow purchase orders and consider promotion/bundling,0.0,7,7
SKU-09966,Overstock risk,100.0,0.559996000447426,3.0,0.28,0.0,0.0,Slow purchase orders and consider promotion/bundling,0.0,7,7
SKU-09969,Overstock risk,100.0,1.120000002818414,4.5,0.56,0.0,0.0,Slow purchase orders and consider promotion/bundling,0.0,7,7
SKU-09990,Overstock risk,100.0,1.120000002818414,8.0,0.56,0.0,0.0,Slow purchase orders and consider promotion/bundling,0.0,7,7
SKU-10009,Overstock risk,100.0,0.559996000447426,2.44,0.28,0.0,0.0,Slow purchase orders and consider promotion/bundling,0.0,7,7
SKU-10063,Overstock risk,100.0,1.679999989341012,55.0,0.84,0.0,0.0,Slow purchase orders and consider promotion/bundling,0.0,7,7
SKU-10066,Overstock risk,100.0,1.679999989341012,9.62,0.84,0.0,0.0,Slow purchase orders and consider promotion/bundling,0.0,7,7
SKU-10068,Overstock risk,100.0,1.679999989341012,7.88,0.84,0.0,0.0,Slow purchase orders and consider promotion/bundling,0.0,7,7
SKU-10090,Overstock risk,100.0,0.559996000447426,12.5,0.28,0.0,0.0,Slow purchase orders and consider promotion/bundling,0.0,7,7
SKU-10099,Overstock risk,100.0,5.600004014093428,34.71,2.8,0.0,0.0,Slow purchase orders and consider promotion/bundling,0.0,7,7
SKU-10117,Overstock risk,100.0,10.43721321359044,153.03,5.22,0.0,0.0,Slow purchase orders and consider promotion/bundling,0.0,7,7
SKU-10186,Overstock risk,100.0,0.559996000447426,8.0,0.28,0.0,0.0,Slow purchase orders and consider promotion/bundling,0.0,7,7
SKU-10329,Overstock risk,100.0,0.559996000447426,6.88,0.28,0.0,0.0,Slow purchase orders and consider promotion/bundling,0.0,7,7
SKU-10330,Overstock risk,100.0,0.559996000447426,5.25,0.28,0.0,0.0,Slow purchase orders and consider promotion/bundling,0.0,7,7
SKU-10376,Overstock risk,100.0,1.120000002818414,9.56,0.56,0.0,0.0,Slow purchase orders and consider promotion/bundling,0.0,7,7
SKU-10381,Overstock risk,100.0,2.8000000070314846,21.0,1.4,0.0,0.0,Slow purchase orders and consider promotion/bundling,0.0,7,7
SKU-10508,Overstock risk,100.0,0.6123100014956422,2.5,0.31,0.0,0.0,Slow purchase orders and consider promotion/bundling,0.0,7,7
SKU-10517,Overstock risk,100.0,0.559996000447426,8.75,0.28,0.0,0.0,Slow purchase orders and consider promotion/bundling,0.0,7,7
SKU-10665,Overstock risk,100.0,0.559996000447426,4.81,0.28,0.0,0.0,Slow purchase orders and consider promotion/bundling,0.0,7,7
SKU-10667,Overstock risk,100.0,2.240000005636829,19.5,1.12,0.0,0.0,Slow purchase orders and consider promotion/bundling,0.0,7,7
SKU-10742,Overstock risk,100.0,2.240000005636829,26.13,1.12,0.0,0.0,Slow purchase orders and consider promotion/bundling,0.0,7,7
SKU-10744,Overstock risk,100.0,1.120000002818414,6.5,0.56,0.0,0.0,Slow purchase orders and consider promotion/bundling,0.0,7,7
SKU-10747,Overstock risk,100.0,1.120000002818414,14.62,0.56,0.0,0.0,Slow purchase orders and consider promotion/bundling,0.0,7,7
SKU-10896,Overstock risk,100.0,1.120000002818414,19.94,0.56,0.0,0.0,Slow purchase orders and consider promotion/bundling,0.0,7,7
SKU-10904,Overstock risk,100.0,2.240000005636829,34.5,1.12,0.0,0.0,Slow purchase orders and consider promotion/bundling,0.0,7,7
SKU-10918,Overstock risk,100.0,0.559996000447426,8.25,0.28,0.0,0.0,Slow purchase orders and consider promotion/bundling,0.0,7,7
SKU-10921,Overstock risk,100.0,0.559996000447426,3.5,0.28,0.0,0.0,Slow purchase orders and consider promotion/bundling,0.0,7,7
SKU-10950,Overstock risk,100.0,1.120000002818414,4.5,0.56,0.0,0.0,Slow purchase orders and consider promotion/bundling,0.0,7,7
SKU-11062,Overstock risk,100.0,1.2246149903730827,5.06,0.61,0.0,0.0,Slow purchase orders and consider promotion/bundling,0.0,7,7
SKU-11241,Overstock risk,100.0,0.559996000447426,3.25,0.28,0.0,0.0,Slow purchase orders and consider promotion/bundling,0.0,7,7
SKU-11256,Overstock risk,100.0,0.559996000447426,5.25,0.28,0.0,0.0,Slow purchase orders and consider promotion/bundling,0.0,7,7
SKU-11270,Overstock risk,100.0,4.2818380148964925,28.87,2.14,0.0,0.0,Slow purchase orders and consider promotion/bundling,0.0,7,7
SKU-11275,Overstock risk,100.0,4.285589009698014,26.25,2.14,0.0,0.0,Slow purchase orders and consider promotion/bundling,0.0,7,7
SKU-11300,Overstock risk,100.0,2.4492259690741762,10.69,1.22,0.0,0.0,Slow purchase orders and consider promotion/bundling,0.0,7,7
SKU-11304,Overstock risk,100.0,0.559996000447426,2.44,0.28,0.0,0.0,Slow purchase orders and consider promotion/bundling,0.0,7,7
SKU-11308,Overstock risk,100.0,0.559996000447426,2.5,0.28,0.0,0.0,Slow purchase orders and consider promotion/bundling,0.0,7,7
SKU-11315,Overstock risk,100.0,0.559996000447426,3.75,0.28,0.0,0.0,Slow purchase orders and consider promotion/bundling,0.0,7,7
SKU-11390,Overstock risk,100.0,1.679999989341012,7.0,0.84,0.0,0.0,Slow purchase orders and consider promotion/bundling,0.0,7,7
SKU-11404,Overstock risk,100.0,0.559996000447426,22.5,0.28,0.0,0.0,Slow purchase orders and consider promotion/bundling,0.0,7,7
SKU-11420,Overstock risk,100.0,0.559996000447426,2.5,0.28,0.0,0.0,Slow purchase orders and consider promotion/bundling,0.0,7,7
SKU-11423,Overstock risk,100.0,0.559996000447426,3.25,0.28,0.0,0.0,Slow purchase orders and consider promotion/bundling,0.0,7,7
SKU-11425,Overstock risk,100.0,0.559996000447426,4.5,0.28,0.0,0.0,Slow purchase orders and consider promotion/bundling,0.0,7,7
SKU-11472,Overstock risk,100.0,0.559996000447426,8.94,0.28,0.0,0.0,Slow purchase orders and consider promotion/bundling,0.0,7,7
SKU-11475,Overstock risk,100.0,0.559996000447426,2.25,0.28,0.0,0.0,Slow purchase orders and consider promotion/bundling,0.0,7,7
SKU-11617,Overstock risk,100.0,0.559996000447426,3.44,0.28,0.0,0.0,Slow purchase orders and consider promotion/bundling,0.0,7,7
SKU-11831,Overstock risk,100.0,0.559996000447426,3.5,0.28,0.0,0.0,Slow purchase orders and consider promotion/bundling,0.0,7,7
SKU-11835,Overstock risk,100.0,1.679999989341012,8.25,0.84,0.0,0.0,Slow purchase orders and consider promotion/bundling,0.0,7,7
SKU-11846,Overstock risk,100.0,0.559996000447426,3.38,0.28,0.0,0.0,Slow purchase orders and consider promotion/bundling,0.0,7,7
SKU-11897,Overstock risk,100.0,1.120000002818414,13.75,0.56,0.0,0.0,Slow purchase orders and consider promotion/bundling,0.0,7,7
SKU-11909,Overstock risk,100.0,0.559996000447426,6.75,0.28,0.0,0.0,Slow purchase orders and consider promotion/bundling,0.0,7,7
SKU-11924,Overstock risk,100.0,1.120000002818414,7.5,0.56,0.0,0.0,Slow purchase orders and consider promotion/bundling,0.0,7,7
SKU-11947,Overstock risk,100.0,0.559996000447426,3.0,0.28,0.0,0.0,Slow purchase orders and consider promotion/bundling,0.0,7,7
SKU-11948,Overstock risk,100.0,1.2246149903730827,8.12,0.61,0.0,0.0,Slow purchase orders and consider promotion/bundling,0.0,7,7
SKU-11976,Overstock risk,100.0,0.559996000447426,6.5,0.28,0.0,0.0,Slow purchase orders and consider promotion/bundling,0.0,7,7
SKU-11992,Overstock risk,100.0,0.559996000447426,11.5,0.28,0.0,0.0,Slow purchase orders and consider promotion/bundling,0.0,7,7
SKU-12060,Overstock risk,100.0,4.807922989653888,30.88,2.4,0.0,0.0,Slow purchase orders and consider promotion/bundling,0.0,7,7
SKU-12065,Overstock risk,100.0,0.559996000447426,3.44,0.28,0.0,0.0,Slow purchase orders and consider promotion/bundling,0.0,7,7
SKU-12202,Overstock risk,100.0,2.8000000070314846,13.5,1.4,0.0,0.0,Slow purchase orders and consider promotion/bundling,0.0,7,7
SKU-12212,Overstock risk,100.0,2.240000005636829,12.38,1.12,0.0,0.0,Slow purchase orders and consider promotion/bundling,0.0,7,7
SKU-12214,Overstock risk,100.0,1.120000002818414,8.12,0.56,0.0,0.0,Slow purchase orders and consider promotion/bundling,0.0,7,7
SKU-12221,Overstock risk,100.0,2.8000000070314846,13.0,1.4,0.0,0.0,Slow purchase orders and consider promotion/bundling,0.0,7,7
SKU-12226,Overstock risk,100.0,1.679999989341012,7.56,0.84,0.0,0.0,Slow purchase orders and consider promotion/bundling,0.0,7,7
SKU-12263,Overstock risk,100.0,0.559996000447426,6.5,0.28,0.0,0.0,Slow purchase orders and consider promotion/bundling,0.0,7,7
SKU-12438,Overstock risk,100.0,8.959996035555378,35.94,4.48,0.0,0.0,Slow purchase orders and consider promotion/bundling,0.0,7,7
SKU-12483,Overstock risk,100.0,0.559996000447426,2.25,0.28,0.0,0.0,Slow purchase orders and consider promotion/bundling,0.0,7,7
SKU-12487,Overstock risk,100.0,0.559996000447426,5.69,0.28,0.0,0.0,Slow purchase orders and consider promotion/bundling,0.0,7,7
SKU-12608,Overstock risk,100.0,2.240000005636829,13.0,1.12,0.0,0.0,Slow purchase orders and consider promotion/bundling,0.0,7,7
SKU-12632,Overstock risk,100.0,2.240000005636829,58.44,1.12,0.0,0.0,Slow purchase orders and consider promotion/bundling,0.0,7,7
SKU-13073,Overstock risk,100.0,0.559996000447426,6.19,0.28,0.0,0.0,Slow purchase orders and consider promotion/bundling,0.0,7,7
SKU-13074,Overstock risk,100.0,4.024840966041665,21.75,2.01,0.0,0.0,Slow purchase orders and consider promotion/bundling,0.0,7,7
SKU-13080,Overstock risk,100.0,0.559996000447426,4.12,0.28,0.0,0.0,Slow purchase orders and consider promotion/bundling,0.0,7,7
SKU-13447,Overstock risk,100.0,0.559996000447426,2.62,0.28,0.0,0.0,Slow purchase orders and consider promotion/bundling,0.0,7,7
SKU-13460,Overstock risk,100.0,2.240000005636829,21.12,1.12,0.0,0.0,Slow purchase orders and consider promotion/bundling,0.0,7,7
SKU-13495,Overstock risk,100.0,1.120000002818414,4.88,0.56,0.0,0.0,Slow purchase orders and consider promotion/bundling,0.0,7,7
SKU-13541,Overstock risk,100.0,2.8000000070314846,11.88,1.4,0.0,0.0,Slow purchase orders and consider promotion/bundling,0.0,7,7
SKU-13553,Overstock risk,100.0,2.8000000070314846,31.0,1.4,0.0,0.0,Slow purchase orders and consider promotion/bundling,0.0,7,7
SKU-13625,Overstock risk,100.0,0.559996000447426,4.38,0.28,0.0,0.0,Slow purchase orders and consider promotion/bundling,0.0,7,7
SKU-13633,Overstock risk,100.0,2.4513309965113863,13.75,1.23,0.0,0.0,Slow purchase orders and consider promotion/bundling,0.0,7,7
SKU-13640,Overstock risk,100.0,0.559996000447426,2.75,0.28,0.0,0.0,Slow purchase orders and consider promotion/bundling,0.0,7,7
SKU-13684,Overstock risk,100.0,0.559996000447426,2.44,0.28,0.0,0.0,Slow purchase orders and consider promotion/bundling,0.0,7,7
SKU-13702,Overstock risk,100.0,1.120000002818414,7.5,0.56,0.0,0.0,Slow purchase orders and consider promotion/bundling,0.0,7,7
SKU-13717,Overstock risk,100.0,2.240000005636829,11.0,1.12,0.0,0.0,Slow purchase orders and consider promotion/bundling,0.0,7,7
SKU-13725,Overstock risk,100.0,1.679999989341012,9.0,0.84,0.0,0.0,Slow purchase orders and consider promotion/bundling,0.0,7,7
SKU-13729,Overstock risk,100.0,2.240000005636829,10.12,1.12,0.0,0.0,Slow purchase orders and consider promotion/bundling,0.0,7,7
SKU-13739,Overstock risk,100.0,2.240000005636829,9.75,1.12,0.0,0.0,Slow purchase orders and consider promotion/bundling,0.0,7,7
SKU-13755,Overstock risk,100.0,0.559996000447426,3.5,0.28,0.0,0.0,Slow purchase orders and consider promotion/bundling,0.0,7,7
SKU-13788,Overstock risk,100.0,2.240000005636829,20.25,1.12,0.0,0.0,Slow purchase orders and consider promotion/bundling,0.0,7,7
SKU-13795,Overstock risk,100.0,2.8000000070314846,14.25,1.4,0.0,0.0,Slow purchase orders and consider promotion/bundling,0.0,7,7
SKU-13807,Overstock risk,100.0,1.120000002818414,8.12,0.56,0.0,0.0,Slow purchase orders and consider promotion/bundling,0.0,7,7
SKU-13809,Overstock risk,100.0,1.120000002818414,6.0,0.56,0.0,0.0,Slow purchase orders and consider promotion/bundling,0.0,7,7
SKU-13816,Overstock risk,100.0,1.120000002818414,4.5,0.56,0.0,0.0,Slow purchase orders and consider promotion/bundling,0.0,7,7
SKU-13818,Overstock risk,100.0,1.120000002818414,4.81,0.56,0.0,0.0,Slow purchase orders and consider promotion/bundling,0.0,7,7
SKU-13852,Overstock risk,100.0,1.120000002818414,4.88,0.56,0.0,0.0,Slow purchase orders and consider promotion/bundling,0.0,7,7
SKU-14040,Overstock risk,100.0,0.559996000447426,2.25,0.28,0.0,0.0,Slow purchase orders and consider promotion/bundling,0.0,7,7
SKU-14152,Overstock risk,100.0,3.3599999851430753,14.25,1.68,0.0,0.0,Slow purchase orders and consider promotion/bundling,0.0,7,7
SKU-14162,Overstock risk,100.0,0.559996000447426,3.5,0.28,0.0,0.0,Slow purchase orders and consider promotion/bundling,0.0,7,7
SKU-14167,Overstock risk,100.0,0.559996000447426,6.5,0.28,0.0,0.0,Slow purchase orders and consider promotion/bundling,0.0,7,7
SKU-14282,Overstock risk,100.0,0.559996000447426,3.94,0.28,0.0,0.0,Slow purchase orders and consider promotion/bundling,0.0,7,7
SKU-14316,Overstock risk,100.0,4.285870015795807,18.0,2.14,0.0,0.0,Slow purchase orders and consider promotion/bundling,0.0,7,7
SKU-14355,Overstock risk,100.0,3.9199999865377313,18.75,1.96,0.0,0.0,Slow purchase orders and consider promotion/bundling,0.0,7,7
SKU-14414,Overstock risk,100.0,1.120000002818414,7.0,0.56,0.0,0.0,Slow purchase orders and consider promotion/bundling,0.0,7,7
SKU-14418,Overstock risk,100.0,0.559996000447426,11.25,0.28,0.0,0.0,Slow purchase orders and consider promotion/bundling,0.0,7,7
SKU-14424,Overstock risk,100.0,3.9199999865377313,15.81,1.96,0.0,0.0,Slow purchase orders and consider promotion/bundling,0.0,7,7
SKU-14447,Overstock risk,100.0,3.9199999865377313,18.69,1.96,0.0,0.0,Slow purchase orders and consider promotion/bundling,0.0,7,7
SKU-14507,Overstock risk,100.0,0.559996000447426,8.12,0.28,0.0,0.0,Slow purchase orders and consider promotion/bundling,0.0,7,7
SKU-14508,Overstock risk,100.0,2.240000005636829,17.88,1.12,0.0,0.0,Slow purchase orders and consider promotion/bundling,0.0,7,7
SKU-14541,Overstock risk,100.0,1.120000002818414,6.19,0.56,0.0,0.0,Slow purchase orders and consider promotion/bundling,0.0,7,7
SKU-14542,Overstock risk,100.0,0.559996000447426,3.75,0.28,0.0,0.0,Slow purchase orders and consider promotion/bundling,0.0,7,7
SKU-14550,Overstock risk,100.0,0.559996000447426,4.12,0.28,0.0,0.0,Slow purchase orders and consider promotion/bundling,0.0,7,7
SKU-14639,Overstock risk,100.0,0.559996000447426,3.94,0.28,0.0,0.0,Slow purchase orders and consider promotion/bundling,0.0,7,7
SKU-14670,Overstock risk,100.0,1.120000002818414,11.25,0.56,0.0,0.0,Slow purchase orders and consider promotion/bundling,0.0,7,7
SKU-14717,Overstock risk,100.0,0.559996000447426,5.62,0.28,0.0,0.0,Slow purchase orders and consider promotion/bundling,0.0,7,7
SKU-14761,Overstock risk,100.0,2.8000000070314846,11.25,1.4,0.0,0.0,Slow purchase orders and consider promotion/bundling,0.0,7,7
SKU-14830,Overstock risk,100.0,1.679999989341012,8.94,0.84,0.0,0.0,Slow purchase orders and consider promotion/bundling,0.0,7,7
SKU-14834,Overstock risk,100.0,1.120000002818414,6.0,0.56,0.0,0.0,Slow purchase orders and consider promotion/bundling,0.0,7,7
SKU-14869,Overstock risk,100.0,1.120000002818414,9.0,0.56,0.0,0.0,Slow purchase orders and consider promotion/bundling,0.0,7,7
SKU-14879,Overstock risk,100.0,2.8000000070314846,11.69,1.4,0.0,0.0,Slow purchase orders and consider promotion/bundling,0.0,7,7
SKU-14997,Overstock risk,100.0,0.559996000447426,3.12,0.28,0.0,0.0,Slow purchase orders and consider promotion/bundling,0.0,7,7
SKU-15030,Overstock risk,100.0,1.120000002818414,6.0,0.56,0.0,0.0,Slow purchase orders and consider promotion/bundling,0.0,7,7
SKU-15034,Overstock risk,100.0,1.120000002818414,9.75,0.56,0.0,0.0,Slow purchase orders and consider promotion/bundling,0.0,7,7
SKU-15037,Overstock risk,100.0,0.559996000447426,2.5,0.28,0.0,0.0,Slow purchase orders and consider promotion/bundling,0.0,7,7
SKU-15053,Overstock risk,100.0,1.120000002818414,5.0,0.56,0.0,0.0,Slow purchase orders and consider promotion/bundling,0.0,7,7
SKU-15054,Overstock risk,100.0,1.120000002818414,25.44,0.56,0.0,0.0,Slow purchase orders and consider promotion/bundling,0.0,7,7
SKU-15055,Overstock risk,100.0,3.3599999851430753,13.5,1.68,0.0,0.0,Slow purchase orders and consider promotion/bundling,0.0,7,7
SKU-15075,Overstock risk,100.0,1.120000002818414,4.81,0.56,0.0,0.0,Slow purchase orders and consider promotion/bundling,0.0,7,7
SKU-15080,Overstock risk,100.0,0.6123100014956422,5.62,0.31,0.0,0.0,Slow purchase orders and consider promotion/bundling,0.0,7,7
SKU-15104,Overstock risk,100.0,2.240000005636829,16.5,1.12,0.0,0.0,Slow purchase orders and consider promotion/bundling,0.0,7,7
SKU-15123,Overstock risk,100.0,1.120000002818414,22.5,0.56,0.0,0.0,Slow purchase orders and consider promotion/bundling,0.0,7,7
SKU-15144,Overstock risk,100.0,1.120000002818414,9.38,0.56,0.0,0.0,Slow purchase orders and consider promotion/bundling,0.0,7,7
SKU-15157,Overstock risk,100.0,0.559996000447426,2.81,0.28,0.0,0.0,Slow purchase orders and consider promotion/bundling,0.0,7,7
SKU-15168,Overstock risk,100.0,1.120000002818414,13.0,0.56,0.0,0.0,Slow purchase orders and consider promotion/bundling,0.0,7,7
SKU-15169,Overstock risk,100.0,0.4942537420483849,63.0,0.25,0.0,0.0,Slow purchase orders and consider promotion/bundling,0.0,7,7
SKU-15177,Overstock risk,100.0,1.120000002818414,5.0,0.56,0.0,0.0,Slow purchase orders and consider promotion/bundling,0.0,7,7
SKU-15189,Overstock risk,100.0,3.0615640196483573,33.31,1.53,0.0,0.0,Slow purchase orders and consider promotion/bundling,0.0,7,7
SKU-15191,Overstock risk,100.0,4.480000017792917,24.0,2.24,0.0,0.0,Slow purchase orders and consider promotion/bundling,0.0,7,7
SKU-15193,Overstock risk,100.0,1.823500985483405,81.25,0.91,0.0,0.0,Slow purchase orders and consider promotion/bundling,0.0,7,7
SKU-15201,Overstock risk,100.0,13.462876252422575,62.23,6.73,0.0,0.0,Slow purchase orders and consider promotion/bundling,0.0,7,7
SKU-15255,Overstock risk,100.0,1.120000002818414,4.5,0.56,0.0,0.0,Slow purchase orders and consider promotion/bundling,0.0,7,7
SKU-15284,Overstock risk,100.0,3.0076132803660576,21.88,1.5,0.0,0.0,Slow purchase orders and consider promotion/bundling,0.0,7,7
SKU-15322,Overstock risk,100.0,2.8000000070314846,12.19,1.4,0.0,0.0,Slow purchase orders and consider promotion/bundling,0.0,7,7
SKU-15336,Overstock risk,100.0,2.240000005636829,19.5,1.12,0.0,0.0,Slow purchase orders and consider promotion/bundling,0.0,7,7
SKU-15357,Overstock risk,100.0,2.240000005636829,9.75,1.12,0.0,0.0,Slow purchase orders and consider promotion/bundling,0.0,7,7
SKU-15433,Overstock risk,100.0,0.559996000447426,2.25,0.28,0.0,0.0,Slow purchase orders and consider promotion/bundling,0.0,7,7
SKU-15445,Overstock risk,100.0,1.120000002818414,22.5,0.56,0.0,0.0,Slow purchase orders and consider promotion/bundling,0.0,7,7
SKU-15462,Overstock risk,100.0,0.559996000447426,2.44,0.28,0.0,0.0,Slow purchase orders and consider promotion/bundling,0.0,7,7
SKU-15468,Overstock risk,100.0,0.559996000447426,3.75,0.28,0.0,0.0,Slow purchase orders and consider promotion/bundling,0.0,7,7
SKU-15489,Overstock risk,100.0,0.559996000447426,3.0,0.28,0.0,0.0,Slow purchase orders and consider promotion/bundling,0.0,7,7
SKU-15492,Overstock risk,100.0,0.559996000447426,2.5,0.28,0.0,0.0,Slow purchase orders and consider promotion/bundling,0.0,7,7
SKU-15538,Overstock risk,100.0,2.8000000070314846,11.25,1.4,0.0,0.0,Slow purchase orders and consider promotion/bundling,0.0,7,7
SKU-15547,Overstock risk,100.0,1.120000002818414,28.0,0.56,0.0,0.0,Slow purchase orders and consider promotion/bundling,0.0,7,7
SKU-15567,Overstock risk,100.0,0.559996000447426,2.44,0.28,0.0,0.0,Slow purchase orders and consider promotion/bundling,0.0,7,7
SKU-15742,Overstock risk,100.0,0.559996000447426,2.44,0.28,0.0,0.0,Slow purchase orders and consider promotion/bundling,0.0,7,7
SKU-15966,Overstock risk,100.0,0.559996000447426,3.25,0.28,0.0,0.0,Slow purchase orders and consider promotion/bundling,0.0,7,7
SKU-15971,Overstock risk,100.0,2.240000005636829,10.31,1.12,0.0,0.0,Slow purchase orders and consider promotion/bundling,0.0,7,7
SKU-15978,Overstock risk,100.0,0.559996000447426,3.44,0.28,0.0,0.0,Slow purchase orders and consider promotion/bundling,0.0,7,7
SKU-15983,Overstock risk,100.0,1.679999989341012,7.31,0.84,0.0,0.0,Slow purchase orders and consider promotion/bundling,0.0,7,7
SKU-15988,Overstock risk,100.0,1.120000002818414,4.81,0.56,0.0,0.0,Slow purchase orders and consider promotion/bundling,0.0,7,7
SKU-16260,Overstock risk,100.0,1.679999989341012,7.31,0.84,0.0,0.0,Slow purchase orders and consider promotion/bundling,0.0,7,7
SKU-16276,Overstock risk,100.0,1.120000002818414,7.5,0.56,0.0,0.0,Slow purchase orders and consider promotion/bundling,0.0,7,7
SKU-16289,Overstock risk,100.0,0.559996000447426,8.75,0.28,0.0,0.0,Slow purchase orders and consider promotion/bundling,0.0,7,7
SKU-16295,Overstock risk,100.0,1.120000002818414,5.69,0.56,0.0,0.0,Slow purchase orders and consider promotion/bundling,0.0,7,7
SKU-14804,Overstock risk,96.9,3.9199999865377313,15.44,1.96,0.0,0.0,Slow purchase orders and consider promotion/bundling,0.0,7,7
SKU-02457,Overstock risk,95.5,0.559996000447426,2.19,0.28,0.0,0.0,Slow purchase orders and consider promotion/bundling,0.0,7,7
SKU-05278,Overstock risk,95.5,0.559996000447426,2.19,0.28,0.0,0.0,Slow purchase orders and consider promotion/bundling,0.0,7,7
SKU-06797,Overstock risk,95.5,0.559996000447426,2.19,0.28,0.0,0.0,Slow purchase orders and consider promotion/bundling,0.0,7,7
SKU-06832,Overstock risk,95.5,1.120000002818414,4.38,0.56,0.0,0.0,Slow purchase orders and consider promotion/bundling,0.0,7,7
SKU-09915,Overstock risk,95.5,1.120000002818414,4.38,0.56,0.0,0.0,Slow purchase orders and consider promotion/bundling,0.0,7,7
SKU-13772,Overstock risk,95.5,1.120000002818414,4.38,0.56,0.0,0.0,Slow purchase orders and consider promotion/bundling,0.0,7,7
SKU-15179,Overstock risk,95.5,1.120000002818414,4.38,0.56,0.0,0.0,Slow purchase orders and consider promotion/bundling,0.0,7,7
SKU-09786,Overstock risk,95.3,2.240000005636829,8.75,1.12,0.0,0.0,Slow purchase orders and consider promotion/bundling,0.0,7,7
SKU-09555,Overstock risk,95.2,1.679999989341012,6.56,0.84,0.0,0.0,Slow purchase orders and consider promotion/bundling,0.0,7,7
SKU-04612,Overstock risk,93.5,1.679999989341012,6.5,0.84,0.0,0.0,Slow purchase orders and consider promotion/bundling,0.0,7,7
SKU-05564,Overstock risk,93.5,1.679999989341012,6.5,0.84,0.0,0.0,Slow purchase orders and consider promotion/bundling,0.0,7,7
SKU-05042,Overstock risk,92.9,3.0614010009448966,11.81,1.53,0.0,0.0,Slow purchase orders and consider promotion/bundling,0.0,7,7
SKU-11299,Overstock risk,90.5,1.8369169938960102,7.0,0.92,0.0,0.0,Slow purchase orders and consider promotion/bundling,0.0,7,7
SKU-05713,Overstock risk,89.7,2.240000005636829,8.5,1.12,0.0,0.0,Slow purchase orders and consider promotion/bundling,0.0,7,7
SKU-01676,Overstock risk,89.0,2.9758069801609954,11.25,1.49,0.0,0.0,Slow purchase orders and consider promotion/bundling,0.0,7,7
SKU-02144,Overstock risk,88.4,2.240000005636829,8.44,1.12,0.0,0.0,Slow purchase orders and consider promotion/bundling,0.0,7,7
SKU-04573,Overstock risk,88.4,2.240000005636829,8.44,1.12,0.0,0.0,Slow purchase orders and consider promotion/bundling,0.0,7,7
SKU-06554,Overstock risk,88.4,2.240000005636829,8.44,1.12,0.0,0.0,Slow purchase orders and consider promotion/bundling,0.0,7,7
SKU-15000,Overstock risk,87.4,10.033064499264583,37.61,5.02,0.0,0.0,Slow purchase orders and consider promotion/bundling,0.0,7,7
SKU-04795,Overstock risk,85.5,2.240000005636829,8.31,1.12,0.0,0.0,Slow purchase orders and consider promotion/bundling,0.0,7,7
SKU-00299,Overstock risk,84.2,2.240000005636829,8.25,1.12,0.0,0.0,Slow purchase orders and consider promotion/bundling,0.0,7,7
SKU-01691,Overstock risk,84.2,1.679999989341012,6.19,0.84,0.0,0.0,Slow purchase orders and consider promotion/bundling,0.0,7,7
SKU-13759,Overstock risk,84.2,1.679999989341012,6.19,0.84,0.0,0.0,Slow purchase orders and consider promotion/bundling,0.0,7,7
SKU-15103,Overstock risk,84.2,4.480000017792917,16.5,2.24,0.0,0.0,Slow purchase orders and consider promotion/bundling,0.0,7,7
SKU-11072,Overstock risk,84.1,3.0548429999034843,11.25,1.53,0.0,0.0,Slow purchase orders and consider promotion/bundling,0.0,7,7
SKU-02202,Overstock risk,83.9,0.559996000447426,2.06,0.28,0.0,0.0,Slow purchase orders and consider promotion/bundling,0.0,7,7
SKU-02895,Overstock risk,83.9,0.559996000447426,2.06,0.28,0.0,0.0,Slow purchase orders and consider promotion/bundling,0.0,7,7
SKU-03049,Overstock risk,83.9,0.559996000447426,2.06,0.28,0.0,0.0,Slow purchase orders and consider promotion/bundling,0.0,7,7
SKU-04134,Overstock risk,83.9,0.559996000447426,2.06,0.28,0.0,0.0,Slow purchase orders and consider promotion/bundling,0.0,7,7
SKU-04953,Overstock risk,83.9,0.559996000447426,2.06,0.28,0.0,0.0,Slow purchase orders and consider promotion/bundling,0.0,7,7
SKU-06003,Overstock risk,83.9,0.559996000447426,2.06,0.28,0.0,0.0,Slow purchase orders and consider promotion/bundling,0.0,7,7
SKU-09055,Overstock risk,83.9,0.559996000447426,2.06,0.28,0.0,0.0,Slow purchase orders and consider promotion/bundling,0.0,7,7
SKU-09629,Overstock risk,83.9,0.559996000447426,2.06,0.28,0.0,0.0,Slow purchase orders and consider promotion/bundling,0.0,7,7
SKU-09923,Overstock risk,83.9,0.559996000447426,2.06,0.28,0.0,0.0,Slow purchase orders and consider promotion/bundling,0.0,7,7
SKU-11925,Overstock risk,83.9,0.559996000447426,2.06,0.28,0.0,0.0,Slow purchase orders and consider promotion/bundling,0.0,7,7
SKU-11932,Overstock risk,83.9,0.559996000447426,2.06,0.28,0.0,0.0,Slow purchase orders and consider promotion/bundling,0.0,7,7
SKU-12037,Overstock risk,83.9,1.120000002818414,4.12,0.56,0.0,0.0,Slow purchase orders and consider promotion/bundling,0.0,7,7
SKU-13689,Overstock risk,83.9,0.559996000447426,2.06,0.28,0.0,0.0,Slow purchase orders and consider promotion/bundling,0.0,7,7
SKU-15733,Overstock risk,83.9,0.559996000447426,2.06,0.28,0.0,0.0,Slow purchase orders and consider promotion/bundling,0.0,7,7
SKU-11860,Overstock risk,83.8,2.448053977845119,9.0,1.22,0.0,0.0,Slow purchase orders and consider promotion/bundling,0.0,7,7
SKU-15174,Overstock risk,82.8,6.118769957945915,22.37,3.06,0.0,0.0,Slow purchase orders and consider promotion/bundling,0.0,7,7
SKU-10998,Overstock risk,81.6,7.999093979946337,29.06,4.0,0.0,0.0,Slow purchase orders and consider promotion/bundling,0.0,7,7
SKU-00342,Overstock risk,81.2,1.120000002818414,4.06,0.56,0.0,0.0,Slow purchase orders and consider promotion/bundling,0.0,7,7
SKU-06047,Overstock risk,81.2,1.120000002818414,4.06,0.56,0.0,0.0,Slow purchase orders and consider promotion/bundling,0.0,7,7
SKU-08518,Overstock risk,81.2,1.120000002818414,4.06,0.56,0.0,0.0,Slow purchase orders and consider promotion/bundling,0.0,7,7
SKU-09253,Overstock risk,81.2,1.120000002818414,4.06,0.56,0.0,0.0,Slow purchase orders and consider promotion/bundling,0.0,7,7
SKU-12081,Overstock risk,81.2,1.120000002818414,4.06,0.56,0.0,0.0,Slow purchase orders and consider promotion/bundling,0.0,7,7
SKU-13754,Overstock risk,81.2,1.120000002818414,4.06,0.56,0.0,0.0,Slow purchase orders and consider promotion/bundling,0.0,7,7
SKU-14370,Overstock risk,81.2,2.240000005636829,8.12,1.12,0.0,0.0,Slow purchase orders and consider promotion/bundling,0.0,7,7
SKU-09523,Overstock risk,79.4,17.92000775365159,64.29,8.96,0.0,0.0,Slow purchase orders and consider promotion/bundling,0.0,7,7
SKU-03920,Overstock risk,78.8,0.6123100014956422,2.19,0.31,0.0,0.0,Slow purchase orders and consider promotion/bundling,0.0,7,7
SKU-11977,Overstock risk,78.8,0.6123100014956422,2.19,0.31,0.0,0.0,Slow purchase orders and consider promotion/bundling,0.0,7,7
SKU-00512,Overstock risk,78.6,1.120000002818414,4.0,0.56,0.0,0.0,Slow purchase orders and consider promotion/bundling,0.0,7,7
SKU-01695,Overstock risk,78.6,0.559996000447426,2.0,0.28,0.0,0.0,Slow purchase orders and consider promotion/bundling,0.0,7,7
SKU-01898,Overstock risk,78.6,1.120000002818414,4.0,0.56,0.0,0.0,Slow purchase orders and consider promotion/bundling,0.0,7,7
SKU-02339,Overstock risk,78.6,1.120000002818414,4.0,0.56,0.0,0.0,Slow purchase orders and consider promotion/bundling,0.0,7,7
SKU-03074,Overstock risk,78.6,0.559996000447426,2.0,0.28,0.0,0.0,Slow purchase orders and consider promotion/bundling,0.0,7,7
SKU-04411,Overstock risk,78.6,0.559996000447426,2.0,0.28,0.0,0.0,Slow purchase orders and consider promotion/bundling,0.0,7,7
SKU-05311,Overstock risk,78.6,1.679999989341012,6.0,0.84,0.0,0.0,Slow purchase orders and consider promotion/bundling,0.0,7,7
SKU-10872,Overstock risk,78.6,0.559996000447426,2.0,0.28,0.0,0.0,Slow purchase orders and consider promotion/bundling,0.0,7,7
SKU-11075,Overstock risk,78.6,0.559996000447426,2.0,0.28,0.0,0.0,Slow purchase orders and consider promotion/bundling,0.0,7,7
SKU-11257,Overstock risk,78.6,0.559996000447426,2.0,0.28,0.0,0.0,Slow purchase orders and consider promotion/bundling,0.0,7,7
SKU-11317,Overstock risk,78.6,1.679999989341012,6.0,0.84,0.0,0.0,Slow purchase orders and consider promotion/bundling,0.0,7,7
SKU-11929,Overstock risk,78.6,0.559996000447426,2.0,0.28,0.0,0.0,Slow purchase orders and consider promotion/bundling,0.0,7,7
SKU-13301,Overstock risk,78.6,1.120000002818414,4.0,0.56,0.0,0.0,Slow purchase orders and consider promotion/bundling,0.0,7,7
SKU-03089,Overstock risk,77.5,4.278223008092026,15.19,2.14,0.0,0.0,Slow purchase orders and consider promotion/bundling,0.0,7,7
SKU-13554,Overstock risk,77.4,4.282032013114075,15.19,2.14,0.0,0.0,Slow purchase orders and consider promotion/bundling,0.0,7,7
SKU-02915,Overstock risk,76.8,3.3599999851430753,11.88,1.68,0.0,0.0,Slow purchase orders and consider promotion/bundling,0.0,7,7
SKU-14650,Overstock risk,76.1,3.9199999865377313,13.81,1.96,0.0,0.0,Slow purchase orders and consider promotion/bundling,0.0,7,7
SKU-08969,Overstock risk,75.9,2.240000005636829,7.88,1.12,0.0,0.0,Slow purchase orders and consider promotion/bundling,0.0,7,7
SKU-12082,Overstock risk,75.9,1.120000002818414,3.94,0.56,0.0,0.0,Slow purchase orders and consider promotion/bundling,0.0,7,7
SKU-14352,Overstock risk,75.9,1.120000002818414,3.94,0.56,0.0,0.0,Slow purchase orders and consider promotion/bundling,0.0,7,7
SKU-11389,Overstock risk,75.7,2.240000005636829,7.87,1.12,0.0,0.0,Slow purchase orders and consider promotion/bundling,0.0,7,7
SKU-15393,Overstock risk,75.7,2.240000005636829,7.87,1.12,0.0,0.0,Slow purchase orders and consider promotion/bundling,0.0,7,7
SKU-15862,Overstock risk,75.7,2.240000005636829,7.87,1.12,0.0,0.0,Slow purchase orders and consider promotion/bundling,0.0,7,7
SKU-07554,Overstock risk,73.0,4.480000017792917,15.5,2.24,0.0,0.0,Slow purchase orders and consider promotion/bundling,0.0,7,7
SKU-10364,Overstock risk,72.6,42.81920832092874,147.79,21.41,0.0,0.0,Slow purchase orders and consider promotion/bundling,0.0,7,7
SKU-13509,Overstock risk,71.6,5.600004014093428,19.22,2.8,0.0,0.0,Slow purchase orders and consider promotion/bundling,0.0,7,7
SKU-12532,Overstock risk,71.2,21.41014403186273,73.29,10.71,0.0,0.0,Slow purchase orders and consider promotion/bundling,0.0,7,7
SKU-00371,Overstock risk,69.3,1.679999989341012,5.69,0.84,0.0,0.0,Slow purchase orders and consider promotion/bundling,0.0,7,7
SKU-03917,Overstock risk,68.7,2.240000005636829,7.56,1.12,0.0,0.0,Slow purchase orders and consider promotion/bundling,0.0,7,7
SKU-00094,Overstock risk,67.9,0.559996000447426,1.88,0.28,0.0,0.0,Slow purchase orders and consider promotion/bundling,0.0,7,7
SKU-04665,Overstock risk,67.9,0.559996000447426,1.88,0.28,0.0,0.0,Slow purchase orders and consider promotion/bundling,0.0,7,7
SKU-13716,Overstock risk,67.9,0.559996000447426,1.88,0.28,0.0,0.0,Slow purchase orders and consider promotion/bundling,0.0,7,7
SKU-14247,Overstock risk,67.9,5.600004014093428,18.8,2.8,0.0,0.0,Slow purchase orders and consider promotion/bundling,0.0,7,7
SKU-14451,Overstock risk,67.9,0.559996000447426,1.88,0.28,0.0,0.0,Slow purchase orders and consider promotion/bundling,0.0,7,7
SKU-15739,Overstock risk,67.9,0.559996000447426,1.88,0.28,0.0,0.0,Slow purchase orders and consider promotion/bundling,0.0,7,7
SKU-16250,Overstock risk,67.9,0.559996000447426,1.88,0.28,0.0,0.0,Slow purchase orders and consider promotion/bundling,0.0,7,7
SKU-03244,Overstock risk,67.4,1.120000002818414,3.75,0.56,0.0,0.0,Slow purchase orders and consider promotion/bundling,0.0,7,7
SKU-03603,Overstock risk,67.4,1.120000002818414,3.75,0.56,0.0,0.0,Slow purchase orders and consider promotion/bundling,0.0,7,7
SKU-04266,Overstock risk,67.4,1.120000002818414,3.75,0.56,0.0,0.0,Slow purchase orders and consider promotion/bundling,0.0,7,7
SKU-06205,Overstock risk,67.4,1.120000002818414,3.75,0.56,0.0,0.0,Slow purchase orders and consider promotion/bundling,0.0,7,7
SKU-07549,Overstock risk,67.4,1.120000002818414,3.75,0.56,0.0,0.0,Slow purchase orders and consider promotion/bundling,0.0,7,7
SKU-11224,Overstock risk,67.4,1.120000002818414,3.75,0.56,0.0,0.0,Slow purchase orders and consider promotion/bundling,0.0,7,7
SKU-11324,Overstock risk,67.4,1.120000002818414,3.75,0.56,0.0,0.0,Slow purchase orders and consider promotion/bundling,0.0,7,7
SKU-14283,Overstock risk,67.4,1.120000002818414,3.75,0.56,0.0,0.0,Slow purchase orders and consider promotion/bundling,0.0,7,7
SKU-14528,Overstock risk,67.4,1.120000002818414,3.75,0.56,0.0,0.0,Slow purchase orders and consider promotion/bundling,0.0,7,7
SKU-14964,Overstock risk,67.4,2.240000005636829,7.5,1.12,0.0,0.0,Slow purchase orders and consider promotion/bundling,0.0,7,7
SKU-15102,Overstock risk,67.4,1.120000002818414,3.75,0.56,0.0,0.0,Slow purchase orders and consider promotion/bundling,0.0,7,7
SKU-15228,Overstock risk,67.4,1.120000002818414,3.75,0.56,0.0,0.0,Slow purchase orders and consider promotion/bundling,0.0,7,7
SKU-15986,Overstock risk,67.4,1.120000002818414,3.75,0.56,0.0,0.0,Slow purchase orders and consider promotion/bundling,0.0,7,7
SKU-01320,Overstock risk,66.7,0.6178270034506557,2.06,0.31,0.0,0.0,Slow purchase orders and consider promotion/bundling,0.0,7,7
SKU-14795,Overstock risk,64.8,3.3375940065598106,11.0,1.67,0.0,0.0,Slow purchase orders and consider promotion/bundling,0.0,7,7
SKU-00353,Overstock risk,64.7,6.34146851566038,20.89,3.17,0.0,0.0,Slow purchase orders and consider promotion/bundling,0.0,7,7
SKU-09363,Overstock risk,63.7,1.679999989341012,5.5,0.84,0.0,0.0,Slow purchase orders and consider promotion/bundling,0.0,7,7
SKU-05417,Overstock risk,63.2,2.240000005636829,7.31,1.12,0.0,0.0,Slow purchase orders and consider promotion/bundling,0.0,7,7
SKU-16270,Overstock risk,63.2,2.240000005636829,7.31,1.12,0.0,0.0,Slow purchase orders and consider promotion/bundling,0.0,7,7
SKU-12318,Overstock risk,62.6,3.9199999865377313,12.75,1.96,0.0,0.0,Slow purchase orders and consider promotion/bundling,0.0,7,7
SKU-15199,Overstock risk,61.5,6.720000023371539,21.7,3.36,0.0,0.0,Slow purchase orders and consider promotion/bundling,0.0,7,7
SKU-08065,Overstock risk,60.7,2.8000000070314846,9.0,1.4,0.0,0.0,Slow purchase orders and consider promotion/bundling,0.0,7,7
SKU-11272,Overstock risk,60.7,2.8000000070314846,9.0,1.4,0.0,0.0,Slow purchase orders and consider promotion/bundling,0.0,7,7
SKU-15940,Overstock risk,60.7,2.8000000070314846,9.0,1.4,0.0,0.0,Slow purchase orders and consider promotion/bundling,0.0,7,7
SKU-04949,Overstock risk,60.3,6.3181647320161565,20.25,3.16,0.0,0.0,Slow purchase orders and consider promotion/bundling,0.0,7,7
SKU-07636,Overstock risk,59.6,2.8000000070314846,8.94,1.4,0.0,0.0,Slow purchase orders and consider promotion/bundling,0.0,7,7
SKU-15032,Overstock risk,59.4,3.9199999865377313,12.5,1.96,0.0,0.0,Slow purchase orders and consider promotion/bundling,0.0,7,7
SKU-11260,Overstock risk,57.8,12.320000222884119,38.89,6.16,0.0,0.0,Slow purchase orders and consider promotion/bundling,0.0,7,7
SKU-09225,Overstock risk,57.1,3.3599999851430753,10.56,1.68,0.0,0.0,Slow purchase orders and consider promotion/bundling,0.0,7,7
SKU-14216,Overstock risk,57.1,3.3599999851430753,10.56,1.68,0.0,0.0,Slow purchase orders and consider promotion/bundling,0.0,7,7
SKU-00840,Overstock risk,56.3,0.559996000447426,1.75,0.28,0.0,0.0,Slow purchase orders and consider promotion/bundling,0.0,7,7
SKU-01400,Overstock risk,56.3,0.559996000447426,1.75,0.28,0.0,0.0,Slow purchase orders and consider promotion/bundling,0.0,7,7
SKU-04172,Overstock risk,56.3,0.559996000447426,1.75,0.28,0.0,0.0,Slow purchase orders and consider promotion/bundling,0.0,7,7
SKU-04312,Overstock risk,56.3,0.559996000447426,1.75,0.28,0.0,0.0,Slow purchase orders and consider promotion/bundling,0.0,7,7
SKU-05906,Overstock risk,56.3,1.679999989341012,5.25,0.84,0.0,0.0,Slow purchase orders and consider promotion/bundling,0.0,7,7
SKU-08209,Overstock risk,56.3,3.3599999851430753,10.5,1.68,0.0,0.0,Slow purchase orders and consider promotion/bundling,0.0,7,7
SKU-11646,Overstock risk,56.3,1.679999989341012,5.25,0.84,0.0,0.0,Slow purchase orders and consider promotion/bundling,0.0,7,7
SKU-11928,Overstock risk,56.3,0.559996000447426,1.75,0.28,0.0,0.0,Slow purchase orders and consider promotion/bundling,0.0,7,7
SKU-13627,Overstock risk,56.3,1.679999989341012,5.25,0.84,0.0,0.0,Slow purchase orders and consider promotion/bundling,0.0,7,7
SKU-00120,Overstock risk,56.2,1.120000002818414,3.5,0.56,0.0,0.0,Slow purchase orders and consider promotion/bundling,0.0,7,7
SKU-11900,Overstock risk,56.2,1.120000002818414,3.5,0.56,0.0,0.0,Slow purchase orders and consider promotion/bundling,0.0,7,7
SKU-15534,Overstock risk,56.2,2.240000005636829,7.0,1.12,0.0,0.0,Slow purchase orders and consider promotion/bundling,0.0,7,7
SKU-15561,Overstock risk,56.2,1.120000002818414,3.5,0.56,0.0,0.0,Slow purchase orders and consider promotion/bundling,0.0,7,7
SKU-11064,Overstock risk,53.6,1.120000002818414,3.44,0.56,0.0,0.0,Slow purchase orders and consider promotion/bundling,0.0,7,7
SKU-13822,Overstock risk,53.6,2.240000005636829,6.88,1.12,0.0,0.0,Slow purchase orders and consider promotion/bundling,0.0,7,7
SKU-13864,Overstock risk,53.6,1.120000002818414,3.44,0.56,0.0,0.0,Slow purchase orders and consider promotion/bundling,0.0,7,7
SKU-15158,Overstock risk,53.6,2.240000005636829,6.88,1.12,0.0,0.0,Slow purchase orders and consider promotion/bundling,0.0,7,7
SKU-15439,Overstock risk,53.6,1.120000002818414,3.44,0.56,0.0,0.0,Slow purchase orders and consider promotion/bundling,0.0,7,7
SKU-11056,Overstock risk,53.5,4.480000017792917,13.75,2.24,0.0,0.0,Slow purchase orders and consider promotion/bundling,0.0,7,7
SKU-10750,Overstock risk,51.5,11.199995988048613,33.94,5.6,0.0,0.0,Slow purchase orders and consider promotion/bundling,0.0,7,7
SKU-12533,Overstock risk,51.0,32.775380068225786,99.0,16.39,0.0,0.0,Slow purchase orders and consider promotion/bundling,0.0,7,7
SKU-01024,Overstock risk,50.9,0.559996000447426,1.69,0.28,0.0,0.0,Slow purchase orders and consider promotion/bundling,0.0,7,7
SKU-01031,Overstock risk,50.9,0.559996000447426,1.69,0.28,0.0,0.0,Slow purchase orders and consider promotion/bundling,0.0,7,7
SKU-01507,Overstock risk,50.9,0.559996000447426,1.69,0.28,0.0,0.0,Slow purchase orders and consider promotion/bundling,0.0,7,7
SKU-03026,Overstock risk,50.9,0.559996000447426,1.69,0.28,0.0,0.0,Slow purchase orders and consider promotion/bundling,0.0,7,7
SKU-08297,Overstock risk,50.9,0.559996000447426,1.69,0.28,0.0,0.0,Slow purchase orders and consider promotion/bundling,0.0,7,7
SKU-08605,Overstock risk,50.9,0.559996000447426,1.69,0.28,0.0,0.0,Slow purchase orders and consider promotion/bundling,0.0,7,7
SKU-09641,Overstock risk,50.9,1.120000002818414,3.38,0.56,0.0,0.0,Slow purchase orders and consider promotion/bundling,0.0,7,7
SKU-10082,Overstock risk,50.9,0.559996000447426,1.69,0.28,0.0,0.0,Slow purchase orders and consider promotion/bundling,0.0,7,7
SKU-13274,Overstock risk,50.9,1.120000002818414,3.38,0.56,0.0,0.0,Slow purchase orders and consider promotion/bundling,0.0,7,7
SKU-13708,Overstock risk,50.9,0.559996000447426,1.69,0.28,0.0,0.0,Slow purchase orders and consider promotion/bundling,0.0,7,7
SKU-14555,Overstock risk,50.9,1.120000002818414,3.38,0.56,0.0,0.0,Slow purchase orders and consider promotion/bundling,0.0,7,7
SKU-15941,Overstock risk,50.9,1.120000002818414,3.38,0.56,0.0,0.0,Slow purchase orders and consider promotion/bundling,0.0,7,7
SKU-10526,Overstock risk,50.7,2.240000005636829,6.75,1.12,0.0,0.0,Slow purchase orders and consider promotion/bundling,0.0,7,7
SKU-07093,Overstock risk,50.6,3.3599999851430753,10.12,1.68,0.0,0.0,Slow purchase orders and consider promotion/bundling,0.0,7,7
SKU-11244,Overstock risk,50.6,1.679999989341012,5.06,0.84,0.0,0.0,Slow purchase orders and consider promotion/bundling,0.0,7,7
SKU-10989,Overstock risk,49.7,16.747229927103035,50.14,8.37,0.0,0.0,Slow purchase orders and consider promotion/bundling,0.0,7,7
SKU-10051,Overstock risk,49.2,5.600004014093428,16.71,2.8,0.0,0.0,Slow purchase orders and consider promotion/bundling,0.0,7,7
SKU-14220,Overstock risk,48.8,1.679999989341012,5.0,0.84,0.0,0.0,Slow purchase orders and consider promotion/bundling,0.0,7,7
SKU-11874,Overstock risk,47.4,3.052793985931202,9.0,1.53,0.0,0.0,Slow purchase orders and consider promotion/bundling,0.0,7,7
SKU-09314,Overstock risk,47.3,2.8000000070314846,8.25,1.4,0.0,0.0,Slow purchase orders and consider promotion/bundling,0.0,7,7
SKU-13767,Overstock risk,47.3,2.8000000070314846,8.25,1.4,0.0,0.0,Slow purchase orders and consider promotion/bundling,0.0,7,7
SKU-11899,Overstock risk,46.1,6.720000023371539,19.64,3.36,0.0,0.0,Slow purchase orders and consider promotion/bundling,0.0,7,7
SKU-13643,Overstock risk,45.5,3.0063829633872947,8.75,1.5,0.0,0.0,Slow purchase orders and consider promotion/bundling,0.0,7,7
SKU-02393,Overstock risk,45.2,1.679999989341012,4.88,0.84,0.0,0.0,Slow purchase orders and consider promotion/bundling,0.0,7,7
SKU-06831,Overstock risk,45.2,1.679999989341012,4.88,0.84,0.0,0.0,Slow purchase orders and consider promotion/bundling,0.0,7,7
SKU-10030,Overstock risk,45.2,1.679999989341012,4.88,0.84,0.0,0.0,Slow purchase orders and consider promotion/bundling,0.0,7,7
SKU-14307,Overstock risk,45.2,1.679999989341012,4.88,0.84,0.0,0.0,Slow purchase orders and consider promotion/bundling,0.0,7,7
SKU-03492,Overstock risk,45.1,1.120000002818414,3.25,0.56,0.0,0.0,Slow purchase orders and consider promotion/bundling,0.0,7,7
SKU-06299,Overstock risk,45.1,1.120000002818414,3.25,0.56,0.0,0.0,Slow purchase orders and consider promotion/bundling,0.0,7,7
SKU-06530,Overstock risk,45.1,1.120000002818414,3.25,0.56,0.0,0.0,Slow purchase orders and consider promotion/bundling,0.0,7,7
SKU-07048,Overstock risk,45.1,2.240000005636829,6.5,1.12,0.0,0.0,Slow purchase orders and consider promotion/bundling,0.0,7,7
SKU-07601,Overstock risk,45.1,2.240000005636829,6.5,1.12,0.0,0.0,Slow purchase orders and consider promotion/bundling,0.0,7,7
SKU-10702,Overstock risk,45.1,1.120000002818414,3.25,0.56,0.0,0.0,Slow purchase orders and consider promotion/bundling,0.0,7,7
SKU-13348,Overstock risk,45.1,1.120000002818414,3.25,0.56,0.0,0.0,Slow purchase orders and consider promotion/bundling,0.0,7,7
SKU-14552,Overstock risk,45.1,1.120000002818414,3.25,0.56,0.0,0.0,Slow purchase orders and consider promotion/bundling,0.0,7,7
SKU-15063,Overstock risk,45.1,1.120000002818414,3.25,0.56,0.0,0.0,Slow purchase orders and consider promotion/bundling,0.0,7,7
SKU-15217,Overstock risk,45.1,1.120000002818414,3.25,0.56,0.0,0.0,Slow purchase orders and consider promotion/bundling,0.0,7,7
SKU-15329,Overstock risk,45.1,1.120000002818414,3.25,0.56,0.0,0.0,Slow purchase orders and consider promotion/bundling,0.0,7,7
SKU-15349,Overstock risk,45.1,3.3599999851430753,9.75,1.68,0.0,0.0,Slow purchase orders and consider promotion/bundling,0.0,7,7
SKU-09932,Overstock risk,45.0,2.8000000070314846,8.12,1.4,0.0,0.0,Slow purchase orders and consider promotion/bundling,0.0,7,7
SKU-00265,Overstock risk,44.6,0.559996000447426,1.62,0.28,0.0,0.0,Slow purchase orders and consider promotion/bundling,0.0,7,7
SKU-00279,Overstock risk,44.6,0.559996000447426,1.62,0.28,0.0,0.0,Slow purchase orders and consider promotion/bundling,0.0,7,7
SKU-02862,Overstock risk,44.6,0.559996000447426,1.62,0.28,0.0,0.0,Slow purchase orders and consider promotion/bundling,0.0,7,7
SKU-06376,Overstock risk,44.6,0.559996000447426,1.62,0.28,0.0,0.0,Slow purchase orders and consider promotion/bundling,0.0,7,7
SKU-06425,Overstock risk,44.6,0.559996000447426,1.62,0.28,0.0,0.0,Slow purchase orders and consider promotion/bundling,0.0,7,7
SKU-06803,Overstock risk,44.6,0.559996000447426,1.62,0.28,0.0,0.0,Slow purchase orders and consider promotion/bundling,0.0,7,7
SKU-06978,Overstock risk,44.6,0.559996000447426,1.62,0.28,0.0,0.0,Slow purchase orders and consider promotion/bundling,0.0,7,7
SKU-07867,Overstock risk,44.6,0.559996000447426,1.62,0.28,0.0,0.0,Slow purchase orders and consider promotion/bundling,0.0,7,7
SKU-08203,Overstock risk,44.6,0.559996000447426,1.62,0.28,0.0,0.0,Slow purchase orders and consider promotion/bundling,0.0,7,7
SKU-09358,Overstock risk,44.6,0.559996000447426,1.62,0.28,0.0,0.0,Slow purchase orders and consider promotion/bundling,0.0,7,7
SKU-10464,Overstock risk,44.6,0.559996000447426,1.62,0.28,0.0,0.0,Slow purchase orders and consider promotion/bundling,0.0,7,7
SKU-12053,Overstock risk,44.6,0.559996000447426,1.62,0.28,0.0,0.0,Slow purchase orders and consider promotion/bundling,0.0,7,7
SKU-12410,Overstock risk,44.6,0.559996000447426,1.62,0.28,0.0,0.0,Slow purchase orders and consider promotion/bundling,0.0,7,7
SKU-13698,Overstock risk,44.6,0.559996000447426,1.62,0.28,0.0,0.0,Slow purchase orders and consider promotion/bundling,0.0,7,7
SKU-13971,Overstock risk,44.6,0.559996000447426,1.62,0.28,0.0,0.0,Slow purchase orders and consider promotion/bundling,0.0,7,7
SKU-14545,Overstock risk,44.6,0.559996000447426,1.62,0.28,0.0,0.0,Slow purchase orders and consider promotion/bundling,0.0,7,7
SKU-14601,Overstock risk,44.6,0.559996000447426,1.62,0.28,0.0,0.0,Slow purchase orders and consider promotion/bundling,0.0,7,7
SKU-14671,Overstock risk,44.6,0.559996000447426,1.62,0.28,0.0,0.0,Slow purchase orders and consider promotion/bundling,0.0,7,7
SKU-15098,Overstock risk,44.6,0.559996000447426,1.62,0.28,0.0,0.0,Slow purchase orders and consider promotion/bundling,0.0,7,7
SKU-15490,Overstock risk,44.6,0.559996000447426,1.62,0.28,0.0,0.0,Slow purchase orders and consider promotion/bundling,0.0,7,7
SKU-15952,Overstock risk,44.6,0.559996000447426,1.62,0.28,0.0,0.0,Slow purchase orders and consider promotion/bundling,0.0,7,7
SKU-07055,Overstock risk,44.0,0.5624549982385348,1.62,0.28,0.0,0.0,Slow purchase orders and consider promotion/bundling,0.0,7,7
SKU-04252,Overstock risk,43.5,5.935230460163438,17.04,2.97,0.0,0.0,Slow purchase orders and consider promotion/bundling,0.0,7,7
SKU-07669,Overstock risk,43.2,1.679999989341012,4.81,0.84,0.0,0.0,Slow purchase orders and consider promotion/bundling,0.0,7,7
SKU-00910,Overstock risk,42.9,2.4492259690741762,7.0,1.22,0.0,0.0,Slow purchase orders and consider promotion/bundling,0.0,7,7
SKU-11836,Overstock risk,40.8,4.615631968306841,13.0,2.31,0.0,0.0,Slow purchase orders and consider promotion/bundling,0.0,7,7
SKU-14763,Stockout risk,40.0,177.740747615695,53.32,88.87,6684484.0,1924641.0,Prioritize replenishment and confirm supplier availability,213.29,7,7
SKU-02765,Stockout risk,40.0,36.959995781071484,11.09,18.48,776518.0,80105.0,Prioritize replenishment and confirm supplier availability,44.35,7,7
SKU-09910,Overstock risk,39.6,10.640000009909272,29.7,5.32,0.0,0.0,Slow purchase orders and consider promotion/bundling,0.0,7,7
SKU-13779,Overstock risk,39.3,1.120000002818414,3.12,0.56,0.0,0.0,Slow purchase orders and consider promotion/bundling,0.0,7,7
SKU-14514,Overstock risk,39.3,1.120000002818414,3.12,0.56,0.0,0.0,Slow purchase orders and consider promotion/bundling,0.0,7,7
SKU-15354,Overstock risk,39.3,1.120000002818414,3.12,0.56,0.0,0.0,Slow purchase orders and consider promotion/bundling,0.0,7,7
SKU-10061,Overstock risk,39.0,11.760003887116909,32.69,5.88,0.0,0.0,Slow purchase orders and consider promotion/bundling,0.0,7,7
SKU-15955,Overstock risk,39.0,7.180931064795003,19.96,3.59,0.0,0.0,Slow purchase orders and consider promotion/bundling,0.0,7,7
SKU-04272,Overstock risk,38.2,2.240000005636829,6.19,1.12,0.0,0.0,Slow purchase orders and consider promotion/bundling,0.0,7,7
SKU-09293,Overstock risk,37.9,9.998202010872774,27.58,5.0,0.0,0.0,Slow purchase orders and consider promotion/bundling,0.0,7,7
SKU-11311,Overstock risk,37.2,3.5543420355534168,9.75,1.78,0.0,0.0,Slow purchase orders and consider promotion/bundling,0.0,7,7
SKU-07630,Overstock risk,36.6,1.120000002818414,3.06,0.56,0.0,0.0,Slow purchase orders and consider promotion/bundling,0.0,7,7
SKU-09981,Overstock risk,36.0,4.480000017792917,12.19,2.24,0.0,0.0,Slow purchase orders and consider promotion/bundling,0.0,7,7
SKU-11066,Overstock risk,35.0,4.213838995026889,11.38,2.11,0.0,0.0,Slow purchase orders and consider promotion/bundling,0.0,7,7
SKU-14664,Overstock risk,34.7,3.9199999865377313,10.56,1.96,0.0,0.0,Slow purchase orders and consider promotion/bundling,0.0,7,7
SKU-15170,Overstock risk,34.7,12.028758882835973,32.4,6.01,0.0,0.0,Slow purchase orders and consider promotion/bundling,0.0,7,7
SKU-00330,Overstock risk,33.9,0.559996000447426,1.5,0.28,0.0,0.0,Slow purchase orders and consider promotion/bundling,0.0,7,7
SKU-00600,Overstock risk,33.9,0.559996000447426,1.5,0.28,0.0,0.0,Slow purchase orders and consider promotion/bundling,0.0,7,7
SKU-00873,Overstock risk,33.9,0.559996000447426,1.5,0.28,0.0,0.0,Slow purchase orders and consider promotion/bundling,0.0,7,7
SKU-01611,Overstock risk,33.9,1.679999989341012,4.5,0.84,0.0,0.0,Slow purchase orders and consider promotion/bundling,0.0,7,7
SKU-01923,Overstock risk,33.9,3.3599999851430753,9.0,1.68,0.0,0.0,Slow purchase orders and consider promotion/bundling,0.0,7,7
SKU-02185,Overstock risk,33.9,0.559996000447426,1.5,0.28,0.0,0.0,Slow purchase orders and consider promotion/bundling,0.0,7,7
SKU-02360,Overstock risk,33.9,0.559996000447426,1.5,0.28,0.0,0.0,Slow purchase orders and consider promotion/bundling,0.0,7,7
SKU-02402,Overstock risk,33.9,0.559996000447426,1.5,0.28,0.0,0.0,Slow purchase orders and consider promotion/bundling,0.0,7,7
SKU-02815,Overstock risk,33.9,0.559996000447426,1.5,0.28,0.0,0.0,Slow purchase orders and consider promotion/bundling,0.0,7,7
SKU-03081,Overstock risk,33.9,0.559996000447426,1.5,0.28,0.0,0.0,Slow purchase orders and consider promotion/bundling,0.0,7,7
SKU-03323,Overstock risk,33.9,1.120000002818414,3.0,0.56,0.0,0.0,Slow purchase orders and consider promotion/bundling,0.0,7,7
SKU-03624,Overstock risk,33.9,0.559996000447426,1.5,0.28,0.0,0.0,Slow purchase orders and consider promotion/bundling,0.0,7,7
SKU-03659,Overstock risk,33.9,3.3599999851430753,9.0,1.68,0.0,0.0,Slow purchase orders and consider promotion/bundling,0.0,7,7
SKU-03890,Overstock risk,33.9,0.559996000447426,1.5,0.28,0.0,0.0,Slow purchase orders and consider promotion/bundling,0.0,7,7
SKU-03918,Overstock risk,33.9,2.240000005636829,6.0,1.12,0.0,0.0,Slow purchase orders and consider promotion/bundling,0.0,7,7
SKU-04562,Overstock risk,33.9,0.559996000447426,1.5,0.28,0.0,0.0,Slow purchase orders and consider promotion/bundling,0.0,7,7
SKU-06266,Overstock risk,33.9,0.559996000447426,1.5,0.28,0.0,0.0,Slow purchase orders and consider promotion/bundling,0.0,7,7
SKU-06893,Overstock risk,33.9,0.559996000447426,1.5,0.28,0.0,0.0,Slow purchase orders and consider promotion/bundling,0.0,7,7
SKU-06921,Overstock risk,33.9,1.120000002818414,3.0,0.56,0.0,0.0,Slow purchase orders and consider promotion/bundling,0.0,7,7
SKU-07131,Overstock risk,33.9,1.120000002818414,3.0,0.56,0.0,0.0,Slow purchase orders and consider promotion/bundling,0.0,7,7
SKU-07152,Overstock risk,33.9,1.120000002818414,3.0,0.56,0.0,0.0,Slow purchase orders and consider promotion/bundling,0.0,7,7
SKU-07610,Overstock risk,33.9,1.120000002818414,3.0,0.56,0.0,0.0,Slow purchase orders and consider promotion/bundling,0.0,7,7
SKU-07614,Overstock risk,33.9,1.120000002818414,3.0,0.56,0.0,0.0,Slow purchase orders and consider promotion/bundling,0.0,7,7
SKU-08051,Overstock risk,33.9,0.559996000447426,1.5,0.28,0.0,0.0,Slow purchase orders and consider promotion/bundling,0.0,7,7
SKU-08275,Overstock risk,33.9,2.240000005636829,6.0,1.12,0.0,0.0,Slow purchase orders and consider promotion/bundling,0.0,7,7
SKU-08825,Overstock risk,33.9,0.559996000447426,1.5,0.28,0.0,0.0,Slow purchase orders and consider promotion/bundling,0.0,7,7
SKU-09031,Overstock risk,33.9,0.559996000447426,1.5,0.28,0.0,0.0,Slow purchase orders and consider promotion/bundling,0.0,7,7
SKU-09238,Overstock risk,33.9,0.559996000447426,1.5,0.28,0.0,0.0,Slow purchase orders and consider promotion/bundling,0.0,7,7
SKU-09280,Overstock risk,33.9,5.039999929722398,13.5,2.52,0.0,0.0,Slow purchase orders and consider promotion/bundling,0.0,7,7
SKU-09455,Overstock risk,33.9,2.240000005636829,6.0,1.12,0.0,0.0,Slow purchase orders and consider promotion/bundling,0.0,7,7
SKU-09787,Overstock risk,33.9,4.480000017792917,12.0,2.24,0.0,0.0,Slow purchase orders and consider promotion/bundling,0.0,7,7
SKU-09913,Overstock risk,33.9,0.559996000447426,1.5,0.28,0.0,0.0,Slow purchase orders and consider promotion/bundling,0.0,7,7
SKU-10988,Overstock risk,33.9,3.3599999851430753,9.0,1.68,0.0,0.0,Slow purchase orders and consider promotion/bundling,0.0,7,7
SKU-11387,Overstock risk,33.9,0.559996000447426,1.5,0.28,0.0,0.0,Slow purchase orders and consider promotion/bundling,0.0,7,7
SKU-11828,Overstock risk,33.9,1.120000002818414,3.0,0.56,0.0,0.0,Slow purchase orders and consider promotion/bundling,0.0,7,7
SKU-11849,Overstock risk,33.9,3.3599999851430753,9.0,1.68,0.0,0.0,Slow purchase orders and consider promotion/bundling,0.0,7,7
SKU-11945,Overstock risk,33.9,2.8000000070314846,7.5,1.4,0.0,0.0,Slow purchase orders and consider promotion/bundling,0.0,7,7
SKU-12294,Overstock risk,33.9,3.3599999851430753,9.0,1.68,0.0,0.0,Slow purchase orders and consider promotion/bundling,0.0,7,7
SKU-12892,Overstock risk,33.9,0.559996000447426,1.5,0.28,0.0,0.0,Slow purchase orders and consider promotion/bundling,0.0,7,7
SKU-12962,Overstock risk,33.9,0.559996000447426,1.5,0.28,0.0,0.0,Slow purchase orders and consider promotion/bundling,0.0,7,7
SKU-13641,Overstock risk,33.9,1.679999989341012,4.5,0.84,0.0,0.0,Slow purchase orders and consider promotion/bundling,0.0,7,7
SKU-14173,Overstock risk,33.9,4.480000017792917,12.0,2.24,0.0,0.0,Slow purchase orders and consider promotion/bundling,0.0,7,7
SKU-14498,Overstock risk,33.9,1.120000002818414,3.0,0.56,0.0,0.0,Slow purchase orders and consider promotion/bundling,0.0,7,7
SKU-14537,Overstock risk,33.9,0.559996000447426,1.5,0.28,0.0,0.0,Slow purchase orders and consider promotion/bundling,0.0,7,7
SKU-14554,Overstock risk,33.9,1.679999989341012,4.5,0.84,0.0,0.0,Slow purchase orders and consider promotion/bundling,0.0,7,7
SKU-14782,Overstock risk,33.9,1.120000002818414,3.0,0.56,0.0,0.0,Slow purchase orders and consider promotion/bundling,0.0,7,7
SKU-14789,Overstock risk,33.9,0.559996000447426,1.5,0.28,0.0,0.0,Slow purchase orders and consider promotion/bundling,0.0,7,7
SKU-15317,Overstock risk,33.9,0.559996000447426,1.5,0.28,0.0,0.0,Slow purchase orders and consider promotion/bundling,0.0,7,7
SKU-15797,Overstock risk,33.9,1.120000002818414,3.0,0.56,0.0,0.0,Slow purchase orders and consider promotion/bundling,0.0,7,7
SKU-11645,Overstock risk,33.0,3.3599999851430753,8.94,1.68,0.0,0.0,Slow purchase orders and consider promotion/bundling,0.0,7,7
SKU-04892,Overstock risk,32.6,1.2250599949256855,3.25,0.61,0.0,0.0,Slow purchase orders and consider promotion/bundling,0.0,7,7
SKU-00203,Overstock risk,31.5,7.014519918273435,18.45,3.51,0.0,0.0,Slow purchase orders and consider promotion/bundling,0.0,7,7
SKU-14806,Stockout risk,31.4,223.20190754719079,76.53,111.6,7109680.0,1508903.0,Prioritize replenishment and confirm supplier availability,258.27,7,7
SKU-09521,Stockout risk,31.4,263.1445367569104,90.22,131.57,4258662.0,894091.0,Prioritize replenishment and confirm supplier availability,304.49,7,7
SKU-06651,Stockout risk,31.4,126.13233524234965,43.25,63.07,2984218.0,857391.0,Prioritize replenishment and confirm supplier availability,145.95,7,7
SKU-15968,Stockout risk,31.4,41.28540419135243,14.15,20.64,3274172.0,541578.0,Prioritize replenishment and confirm supplier availability,47.78,7,7
SKU-08891,Stockout risk,31.4,28.000003732275218,9.6,14.0,137065.0,33374.0,Prioritize replenishment and confirm supplier availability,32.4,7,7
SKU-07736,Stockout risk,31.4,60.479999979026616,20.74,30.24,1292768.0,0.0,Review replenishment need; margin data is limited,69.98,7,7
SKU-13720,Stockout risk,30.9,29.07492901873775,10.05,14.54,1663222.0,339183.0,Prioritize replenishment and confirm supplier availability,33.56,7,7
SKU-07440,Overstock risk,30.6,6.720000023371539,17.55,3.36,0.0,0.0,Slow purchase orders and consider promotion/bundling,0.0,7,7
SKU-15245,Overstock risk,30.5,2.8000000070314846,7.31,1.4,0.0,0.0,Slow purchase orders and consider promotion/bundling,0.0,7,7
SKU-00871,Overstock risk,30.4,1.679999989341012,4.38,0.84,0.0,0.0,Slow purchase orders and consider promotion/bundling,0.0,7,7
SKU-06279,Overstock risk,30.4,1.679999989341012,4.38,0.84,0.0,0.0,Slow purchase orders and consider promotion/bundling,0.0,7,7
SKU-07668,Overstock risk,30.4,1.679999989341012,4.38,0.84,0.0,0.0,Slow purchase orders and consider promotion/bundling,0.0,7,7
SKU-11826,Overstock risk,30.2,3.3599999851430753,8.75,1.68,0.0,0.0,Slow purchase orders and consider promotion/bundling,0.0,7,7
SKU-13520,Overstock risk,30.2,3.3599999851430753,8.75,1.68,0.0,0.0,Slow purchase orders and consider promotion/bundling,0.0,7,7
SKU-15051,Overstock risk,28.3,4.480000017792917,11.5,2.24,0.0,0.0,Slow purchase orders and consider promotion/bundling,0.0,7,7
SKU-04721,Overstock risk,27.6,3.9199999865377313,10.0,1.96,0.0,0.0,Slow purchase orders and consider promotion/bundling,0.0,7,7
SKU-10368,Overstock risk,27.3,12.320000222884119,31.37,6.16,0.0,0.0,Slow purchase orders and consider promotion/bundling,0.0,7,7
SKU-07505,Stockout risk,27.1,23.51999609172344,8.57,11.76,566176.0,218624.0,Prioritize replenishment and confirm supplier availability,26.71,7,7
SKU-02183,Overstock risk,27.0,4.480000017792917,11.38,2.24,0.0,0.0,Slow purchase orders and consider promotion/bundling,0.0,7,7
SKU-02317,Overstock risk,27.0,2.240000005636829,5.69,1.12,0.0,0.0,Slow purchase orders and consider promotion/bundling,0.0,7,7
SKU-07006,Overstock risk,27.0,2.240000005636829,5.69,1.12,0.0,0.0,Slow purchase orders and consider promotion/bundling,0.0,7,7
SKU-14811,Overstock risk,27.0,2.240000005636829,5.69,1.12,0.0,0.0,Slow purchase orders and consider promotion/bundling,0.0,7,7
SKU-06929,Overstock risk,26.9,3.5221929963445278,8.94,1.76,0.0,0.0,Slow purchase orders and consider promotion/bundling,0.0,7,7
SKU-13638,Overstock risk,25.5,4.480893999862018,11.25,2.24,0.0,0.0,Slow purchase orders and consider promotion/bundling,0.0,7,7
SKU-00457,Overstock risk,25.4,1.120000002818414,2.81,0.56,0.0,0.0,Slow purchase orders and consider promotion/bundling,0.0,7,7
SKU-01410,Overstock risk,25.4,2.240000005636829,5.62,1.12,0.0,0.0,Slow purchase orders and consider promotion/bundling,0.0,7,7
SKU-01683,Overstock risk,25.4,2.240000005636829,5.62,1.12,0.0,0.0,Slow purchase orders and consider promotion/bundling,0.0,7,7
SKU-05917,Overstock risk,25.4,2.240000005636829,5.62,1.12,0.0,0.0,Slow purchase orders and consider promotion/bundling,0.0,7,7
SKU-08290,Overstock risk,25.4,1.120000002818414,2.81,0.56,0.0,0.0,Slow purchase orders and consider promotion/bundling,0.0,7,7
SKU-08381,Overstock risk,25.4,1.120000002818414,2.81,0.56,0.0,0.0,Slow purchase orders and consider promotion/bundling,0.0,7,7
SKU-11384,Overstock risk,25.4,1.120000002818414,2.81,0.56,0.0,0.0,Slow purchase orders and consider promotion/bundling,0.0,7,7
SKU-11839,Overstock risk,25.4,1.120000002818414,2.81,0.56,0.0,0.0,Slow purchase orders and consider promotion/bundling,0.0,7,7
SKU-12007,Overstock risk,25.4,1.120000002818414,2.81,0.56,0.0,0.0,Slow purchase orders and consider promotion/bundling,0.0,7,7
SKU-12034,Overstock risk,25.1,3.9970870139222816,10.0,2.0,0.0,0.0,Slow purchase orders and consider promotion/bundling,0.0,7,7
SKU-15967,Overstock risk,25.0,2.8000000070314846,7.0,1.4,0.0,0.0,Slow purchase orders and consider promotion/bundling,0.0,7,7
SKU-14644,Stockout risk,24.6,105.07139457203448,39.6,52.54,4281913.0,1115108.0,Prioritize replenishment and confirm supplier availability,118.01,7,7
SKU-13727,Stockout risk,24.3,20.605120508465916,7.8,10.3,562841.0,189450.0,Prioritize replenishment and confirm supplier availability,23.11,7,7
SKU-03143,Stockout risk,23.2,29.691005497938022,11.4,14.85,1896698.0,407663.0,Prioritize replenishment and confirm supplier availability,33.14,7,7
SKU-14303,Stockout risk,22.9,263.14167126081884,101.5,131.57,4941819.0,1285415.0,Prioritize replenishment and confirm supplier availability,293.21,7,7
SKU-14730,Stockout risk,22.9,192.27629400230944,74.16,96.14,4699962.0,1179706.0,Prioritize replenishment and confirm supplier availability,214.26,7,7
SKU-10859,Stockout risk,22.9,25.905864103813656,9.99,12.95,929068.0,211624.0,Prioritize replenishment and confirm supplier availability,28.87,7,7
SKU-11125,Stockout risk,22.9,22.40000389702618,8.64,11.2,795853.0,110428.0,Prioritize replenishment and confirm supplier availability,24.96,7,7
SKU-02788,Stockout risk,22.9,33.60000041499734,12.96,16.8,347229.0,84488.0,Prioritize replenishment and confirm supplier availability,37.44,7,7
SKU-03663,Stockout risk,22.8,28.016477275872603,10.81,14.01,1052645.0,255890.0,Prioritize replenishment and confirm supplier availability,31.22,7,7
SKU-10206,Stockout risk,21.9,21.1454089457402,8.25,10.57,256853.0,92398.0,Prioritize replenishment and confirm supplier availability,23.47,7,7
SKU-07771,Stockout risk,16.6,85.10741482209414,35.49,42.55,994673.0,231309.0,Prioritize replenishment and confirm supplier availability,92.17,7,7
SKU-15974,Stockout risk,16.4,85.07509972108528,35.55,42.54,2128263.0,482601.0,Prioritize replenishment and confirm supplier availability,92.07,7,7
SKU-09760,Stockout risk,15.1,2047.869614571333,869.4,1023.93,4189643.0,840698.0,Prioritize replenishment and confirm supplier availability,2202.4,7,7
